species;dbhCm;basalAreaM2Ha;inclination;meanTemp;meanPrec;reference;pred;var
ALISIER_TORMINAL;20.0;25.0;0.0;13.0;459.574271823024;1;14.214647877489586;0.011792377955480635
ALISIER_TORMINAL;20.0;25.0;0.0;13.0;324.378143310547;0;13.555014216135138;0.02823581698884755
ALISIER_TORMINAL;20.0;25.0;0.0;13.0;330.28041328430186;0;13.583811904322868;0.02668131005284754
ALISIER_TORMINAL;20.0;25.0;0.0;13.0;336.1826832580567;0;13.612609592510594;0.02520318788708952
ALISIER_TORMINAL;20.0;25.0;0.0;13.0;342.0849532318116;0;13.641407280698324;0.02380145049157354
ALISIER_TORMINAL;20.0;25.0;0.0;13.0;347.98722320556647;0;13.67020496888605;0.022476097866299515
ALISIER_TORMINAL;20.0;25.0;0.0;13.0;353.88949317932133;0;13.69900265707378;0.02122713001126752
ALISIER_TORMINAL;20.0;25.0;0.0;13.0;359.7917631530762;0;13.727800345261507;0.020054546926477557
ALISIER_TORMINAL;20.0;25.0;0.0;13.0;365.6940331268311;0;13.756598033449237;0.018958348611929597
ALISIER_TORMINAL;20.0;25.0;0.0;13.0;371.59630310058594;0;13.785395721636965;0.017938535067623627
ALISIER_TORMINAL;20.0;25.0;0.0;13.0;377.4985730743408;0;13.814193409824693;0.01699510629355968
ALISIER_TORMINAL;20.0;25.0;0.0;13.0;383.4008430480957;0;13.842991098012421;0.01612806228973773
ALISIER_TORMINAL;20.0;25.0;0.0;13.0;389.30311302185055;0;13.871788786200149;0.015337403056157835
ALISIER_TORMINAL;20.0;25.0;0.0;13.0;395.2053829956054;0;13.900586474387879;0.0146231285928199
ALISIER_TORMINAL;20.0;25.0;0.0;13.0;401.1076529693603;0;13.929384162575605;0.013985238899723976
ALISIER_TORMINAL;20.0;25.0;0.0;13.0;407.00992294311516;0;13.958181850763335;0.013423733976870099
ALISIER_TORMINAL;20.0;25.0;0.0;13.0;412.91219291687;0;13.986979538951061;0.012938613824258201
ALISIER_TORMINAL;20.0;25.0;0.0;13.0;418.8144628906249;0;14.015777227138791;0.012529878441888291
ALISIER_TORMINAL;20.0;25.0;0.0;13.0;424.71673286437976;0;14.044574915326518;0.01219752782976044
ALISIER_TORMINAL;20.0;25.0;0.0;13.0;430.61900283813463;0;14.073372603514247;0.011941561987874551
ALISIER_TORMINAL;20.0;25.0;0.0;13.0;436.5212728118895;0;14.102170291701974;0.0117619809162307
ALISIER_TORMINAL;20.0;25.0;0.0;13.0;442.4235427856444;0;14.130967979889704;0.01165878461482888
ALISIER_TORMINAL;20.0;25.0;0.0;13.0;448.32581275939924;0;14.159765668077434;0.011631973083669015
ALISIER_TORMINAL;20.0;25.0;0.0;13.0;454.2280827331541;0;14.18856335626516;0.011681546322751233
ALISIER_TORMINAL;20.0;25.0;0.0;13.0;460.130352706909;0;14.21736104445289;0.011807504332075388
ALISIER_TORMINAL;20.0;25.0;0.0;13.0;466.03262268066385;0;14.246158732640616;0.012009847111641566
ALISIER_TORMINAL;20.0;25.0;0.0;13.0;471.9348926544187;0;14.274956420828346;0.012288574661449794
ALISIER_TORMINAL;20.0;25.0;0.0;13.0;477.8371626281736;0;14.303754109016072;0.01264368698149999
ALISIER_TORMINAL;20.0;25.0;0.0;13.0;483.73943260192846;0;14.332551797203802;0.013075184071792197
ALISIER_TORMINAL;20.0;25.0;0.0;13.0;489.6417025756833;0;14.361349485391528;0.013583065932326444
ALISIER_TORMINAL;20.0;25.0;0.0;13.0;495.5439725494382;0;14.390147173579258;0.01416733256310267
ALISIER_TORMINAL;20.0;25.0;0.0;13.0;501.44624252319306;0;14.418944861766985;0.014827983964120946
ALISIER_TORMINAL;20.0;25.0;0.0;13.0;507.34851249694793;0;14.447742549954715;0.01556502013538118
ALISIER_TORMINAL;20.0;25.0;0.0;13.0;513.2507824707028;0;14.476540238142443;0.01637844107688344
ALISIER_TORMINAL;20.0;25.0;0.0;13.0;519.1530524444577;0;14.50533792633017;0.01726824678862773
ALISIER_TORMINAL;20.0;25.0;0.0;13.0;525.0553224182125;0;14.5341356145179;0.01823443727061399
ALISIER_TORMINAL;20.0;25.0;0.0;13.0;530.9575923919674;0;14.562933302705627;0.01927701252284228
ALISIER_TORMINAL;20.0;25.0;0.0;13.0;536.8598623657223;0;14.591730990893357;0.020395972545312606
ALISIER_TORMINAL;20.0;25.0;0.0;13.0;542.7621323394771;0;14.620528679081083;0.0215913173380249
ALISIER_TORMINAL;20.0;25.0;0.0;13.0;548.664402313232;0;14.649326367268813;0.022863046900979192
ALISIER_TORMINAL;20.0;25.0;0.0;13.0;554.5666722869869;0;14.67812405545654;0.024211161234175577
ALISIER_TORMINAL;20.0;25.0;0.0;13.0;560.4689422607418;0;14.70692174364427;0.02563566033761388
ALISIER_TORMINAL;20.0;25.0;0.0;13.0;566.3712122344966;0;14.735719431831996;0.02713654421129425
ALISIER_TORMINAL;20.0;25.0;0.0;13.0;572.2734822082515;0;14.764517120019725;0.028713812855216608
ALISIER_TORMINAL;20.0;25.0;0.0;13.0;578.1757521820064;0;14.793314808207453;0.030367466269380944
ALISIER_TORMINAL;20.0;25.0;0.0;13.0;584.0780221557612;0;14.822112496395182;0.03209750445378737
ALISIER_TORMINAL;20.0;25.0;0.0;13.0;589.9802921295161;0;14.850910184582911;0.03390392740843572
ALISIER_TORMINAL;20.0;25.0;0.0;13.0;595.882562103271;0;14.879707872770638;0.03578673513332611
ALISIER_TORMINAL;20.0;25.0;0.0;13.0;601.7848320770258;0;14.908505560958368;0.03774592762845855
ALISIER_TORMINAL;20.0;25.0;0.0;13.0;607.6871020507807;0;14.937303249146094;0.039781504893832934
ALISIER_TORMINAL;20.0;25.0;0.0;13.0;613.5893720245356;0;14.966100937333824;0.0418934669294494
ALISIER_TORMINAL;20.0;25.0;0.0;13.0;619.4916419982904;0;14.99489862552155;0.044081813735307805
ALISIER_TORMINAL;20.0;25.0;0.0;13.0;625.3939119720453;0;15.02369631370928;0.04634654531140823
ALISIER_TORMINAL;20.0;25.0;0.0;13.0;631.2961819458002;0;15.052494001897008;0.04868766165775072
ALISIER_TORMINAL;20.0;25.0;0.0;13.0;637.198451919555;0;15.081291690084736;0.05110516277433515
ALISIER_TORMINAL;20.0;25.0;0.0;13.0;643.1007218933099;0;15.110089378272464;0.05359904866116162
ALISIER_TORMINAL;20.0;25.0;0.0;13.0;649.0029918670648;0;15.138887066460192;0.056169319318230125
ALISIER_TORMINAL;20.0;25.0;0.0;13.0;654.9052618408197;0;15.16768475464792;0.05881597474554056
ALISIER_TORMINAL;20.0;25.0;0.0;13.0;660.8075318145745;0;15.196482442835649;0.06153901494309307
ALISIER_TORMINAL;20.0;25.0;0.0;13.0;666.7098017883294;0;15.225280131023379;0.0643384399108876
ALISIER_TORMINAL;20.0;25.0;0.0;13.0;672.6120717620843;0;15.254077819211105;0.06721424964892413
ALISIER_TORMINAL;20.0;25.0;0.0;13.0;678.5143417358391;0;15.282875507398835;0.07016644415720269
ALISIER_TORMINAL;20.0;25.0;0.0;13.0;684.416611709594;0;15.311673195586561;0.07319502343572316
ALISIER_TORMINAL;20.0;25.0;0.0;13.0;690.3188816833489;0;15.340470883774291;0.07629998748448563
ALISIER_TORMINAL;20.0;25.0;0.0;13.0;696.2211516571037;0;15.369268571962017;0.07948133630349023
ALISIER_TORMINAL;20.0;25.0;0.0;13.0;702.1234216308586;0;15.398066260149747;0.08273906989273683
ALISIER_TORMINAL;20.0;25.0;0.0;13.0;708.0256916046135;0;15.426863948337475;0.08607318825222533
ALISIER_TORMINAL;20.0;25.0;0.0;13.0;713.9279615783684;0;15.455661636525203;0.08948369138195603
ALISIER_TORMINAL;20.0;25.0;0.0;13.0;719.8302315521232;0;15.484459324712933;0.09297057928192863
ALISIER_TORMINAL;20.0;25.0;0.0;13.0;725.7325015258781;0;15.51325701290066;0.09653385195214316
ALISIER_TORMINAL;20.0;25.0;0.0;13.0;731.634771499633;0;15.54205470108839;0.10017350939259985
ALISIER_TORMINAL;20.0;25.0;0.0;13.0;737.5370414733878;0;15.570852389276116;0.1038895516032984
ALISIER_TORMINAL;20.0;25.0;0.0;13.0;743.4393114471427;0;15.599650077463846;0.1076819785842389
ALISIER_TORMINAL;20.0;25.0;0.0;13.0;749.3415814208976;0;15.628447765651572;0.11155079033542159
ALISIER_TORMINAL;20.0;25.0;0.0;13.0;755.2438513946524;0;15.657245453839302;0.11549598685684631
ALISIER_TORMINAL;20.0;25.0;0.0;13.0;761.1461213684073;0;15.686043142027028;0.11951756814851289
ALISIER_TORMINAL;20.0;25.0;0.0;13.0;767.0483913421622;0;15.714840830214758;0.12361553421042168
ALISIER_TORMINAL;20.0;25.0;0.0;13.0;772.950661315917;0;15.743638518402488;0.12778988504257238
ALISIER_TORMINAL;20.0;25.0;0.0;13.0;778.8529312896719;0;15.772436206590214;0.13204062064496488
ALISIER_TORMINAL;20.0;25.0;0.0;13.0;784.7552012634268;0;15.801233894777942;0.13636774101759963
ALISIER_TORMINAL;20.0;25.0;0.0;13.0;790.6574712371817;0;15.83003158296567;0.1407712461604764
ALISIER_TORMINAL;20.0;25.0;0.0;13.0;796.5597412109365;0;15.8588292711534;0.14525113607359502
ALISIER_TORMINAL;20.0;25.0;0.0;13.0;802.4620111846914;0;15.887626959341127;0.14980741075695578
ALISIER_TORMINAL;20.0;25.0;0.0;13.0;808.3642811584463;0;15.916424647528856;0.15444007021055853
ALISIER_TORMINAL;20.0;25.0;0.0;13.0;814.2665511322011;0;15.945222335716583;0.15914911443440324
ALISIER_TORMINAL;20.0;25.0;0.0;13.0;820.168821105956;0;15.974020023904313;0.16393454342849004
ALISIER_TORMINAL;20.0;25.0;0.0;13.0;826.0710910797109;0;16.00281771209204;0.1687963571928187
ALISIER_TORMINAL;20.0;25.0;0.0;13.0;831.9733610534657;0;16.03161540027977;0.17373455572738958
ALISIER_TORMINAL;20.0;25.0;0.0;13.0;837.8756310272206;0;16.060413088467495;0.17874913903220227
ALISIER_TORMINAL;20.0;25.0;0.0;13.0;843.7779010009755;0;16.089210776655225;0.1838401071072571
ALISIER_TORMINAL;20.0;25.0;0.0;13.0;849.6801709747303;0;16.118008464842955;0.18900745995255397
ALISIER_TORMINAL;20.0;25.0;0.0;13.0;855.5824409484852;0;16.14680615303068;0.19425119756809273
ALISIER_TORMINAL;20.0;25.0;0.0;13.0;861.4847109222401;0;16.17560384121841;0.1995713199538735
ALISIER_TORMINAL;20.0;25.0;0.0;13.0;867.386980895995;0;16.204401529406137;0.20496782710989642
ALISIER_TORMINAL;20.0;25.0;0.0;13.0;873.2892508697498;0;16.233199217593867;0.21044071903616107
ALISIER_TORMINAL;20.0;25.0;0.0;13.0;879.1915208435047;0;16.261996905781594;0.21598999573266794
ALISIER_TORMINAL;20.0;25.0;0.0;13.0;885.0937908172596;0;16.290794593969324;0.2216156571994169
ALISIER_TORMINAL;20.0;25.0;0.0;13.0;890.9960607910144;0;16.31959228215705;0.22731770343640761
ALISIER_TORMINAL;20.0;25.0;0.0;13.0;896.8983307647693;0;16.34838997034478;0.23309613444364063
ALISIER_TORMINAL;20.0;25.0;0.0;13.0;902.8006007385242;0;16.37718765853251;0.23895095022111554
ALISIER_TORMINAL;20.0;25.0;0.0;13.0;908.702870712279;0;16.405985346720236;0.24488215076883235
ALISIER_TORMINAL;20.0;25.0;0.0;13.0;914.6051406860339;0;16.434783034907962;0.25088973608679116
CHENE_TAUZIN;20.0;25.0;0.0;13.0;486.252486244081;1;12.317256378236822;0.3099971423143301
CHENE_TAUZIN;20.0;25.0;0.0;13.0;324.378143310547;0;13.489288078723892;0.34190975644255245
CHENE_TAUZIN;20.0;25.0;0.0;13.0;329.82657348632824;0;13.449839375685585;0.3399097792801223
CHENE_TAUZIN;20.0;25.0;0.0;13.0;335.2750036621095;0;13.41039067264728;0.33797429818840297
CHENE_TAUZIN;20.0;25.0;0.0;13.0;340.72343383789075;0;13.370941969608973;0.33610331316741776
CHENE_TAUZIN;20.0;25.0;0.0;13.0;346.171864013672;0;13.331493266570666;0.3342968242171523
CHENE_TAUZIN;20.0;25.0;0.0;13.0;351.62029418945326;0;13.29204456353236;0.3325548313376192
CHENE_TAUZIN;20.0;25.0;0.0;13.0;357.0687243652345;0;13.252595860494054;0.330877334528797
CHENE_TAUZIN;20.0;25.0;0.0;13.0;362.51715454101577;0;13.213147157455747;0.3292643337907017
CHENE_TAUZIN;20.0;25.0;0.0;13.0;367.965584716797;0;13.17369845441744;0.32771582912333164
CHENE_TAUZIN;20.0;25.0;0.0;13.0;373.4140148925783;0;13.134249751379134;0.32623182052668664
CHENE_TAUZIN;20.0;25.0;0.0;13.0;378.86244506835953;0;13.094801048340827;0.3248123080007615
CHENE_TAUZIN;20.0;25.0;0.0;13.0;384.3108752441408;0;13.05535234530252;0.32345729154555974
CHENE_TAUZIN;20.0;25.0;0.0;13.0;389.75930541992204;0;13.015903642264213;0.3221667711610867
CHENE_TAUZIN;20.0;25.0;0.0;13.0;395.2077355957033;0;12.976454939225908;0.3209407468473317
CHENE_TAUZIN;20.0;25.0;0.0;13.0;400.65616577148455;0;12.937006236187601;0.3197792186043001
CHENE_TAUZIN;20.0;25.0;0.0;13.0;406.1045959472658;0;12.897557533149294;0.31868218643199714
CHENE_TAUZIN;20.0;25.0;0.0;13.0;411.55302612304706;0;12.85810883011099;0.3176496503304123
CHENE_TAUZIN;20.0;25.0;0.0;13.0;417.0014562988283;0;12.818660127072683;0.31668161029955083
CHENE_TAUZIN;20.0;25.0;0.0;13.0;422.44988647460957;0;12.779211424034376;0.315778066339418
CHENE_TAUZIN;20.0;25.0;0.0;13.0;427.8983166503908;0;12.739762720996069;0.31493901845000327
CHENE_TAUZIN;20.0;25.0;0.0;13.0;433.3467468261721;0;12.700314017957762;0.3141644666313155
CHENE_TAUZIN;20.0;25.0;0.0;13.0;438.79517700195333;0;12.660865314919455;0.31345441088335113
CHENE_TAUZIN;20.0;25.0;0.0;13.0;444.2436071777346;0;12.62141661188115;0.31280885120610824
CHENE_TAUZIN;20.0;25.0;0.0;13.0;449.69203735351584;0;12.581967908842843;0.3122277875995906
CHENE_TAUZIN;20.0;25.0;0.0;13.0;455.1404675292971;0;12.542519205804536;0.3117112200637927
CHENE_TAUZIN;20.0;25.0;0.0;13.0;460.58889770507835;0;12.50307050276623;0.31125914859872006
CHENE_TAUZIN;20.0;25.0;0.0;13.0;466.0373278808596;0;12.463621799727925;0.31087157320437253
CHENE_TAUZIN;20.0;25.0;0.0;13.0;471.48575805664086;0;12.424173096689618;0.31054849388074485
CHENE_TAUZIN;20.0;25.0;0.0;13.0;476.9341882324221;0;12.384724393651311;0.3102899106278387
CHENE_TAUZIN;20.0;25.0;0.0;13.0;482.38261840820337;0;12.345275690613004;0.3100958234456649
CHENE_TAUZIN;20.0;25.0;0.0;13.0;487.8310485839846;0;12.305826987574697;0.30996623233420023
CHENE_TAUZIN;20.0;25.0;0.0;13.0;493.2794787597659;0;12.26637828453639;0.309901137293466
CHENE_TAUZIN;20.0;25.0;0.0;13.0;498.72790893554713;0;12.226929581498084;0.30990053832346764
CHENE_TAUZIN;20.0;25.0;0.0;13.0;504.1763391113284;0;12.187480878459779;0.30996443542418023
CHENE_TAUZIN;20.0;25.0;0.0;13.0;509.62476928710964;0;12.148032175421472;0.31009282859561443
CHENE_TAUZIN;20.0;25.0;0.0;13.0;515.0731994628909;0;12.108583472383165;0.31028571783777015
CHENE_TAUZIN;20.0;25.0;0.0;13.0;520.5216296386722;0;12.069134769344858;0.31054310315065464
CHENE_TAUZIN;20.0;25.0;0.0;13.0;525.9700598144534;0;12.029686066306553;0.3108649845342696
CHENE_TAUZIN;20.0;25.0;0.0;13.0;531.4184899902347;0;11.990237363268246;0.31125136198860087
CHENE_TAUZIN;20.0;25.0;0.0;13.0;536.8669201660159;0;11.95078866022994;0.31170223551365006
CHENE_TAUZIN;20.0;25.0;0.0;13.0;542.3153503417972;0;11.911339957191633;0.3122176051094281
CHENE_TAUZIN;20.0;25.0;0.0;13.0;547.7637805175784;0;11.871891254153326;0.3127974707759277
CHENE_TAUZIN;20.0;25.0;0.0;13.0;553.2122106933597;0;11.832442551115019;0.31344183251315955
CHENE_TAUZIN;20.0;25.0;0.0;13.0;558.6606408691409;0;11.792993848076712;0.3141506903211024
CHENE_TAUZIN;20.0;25.0;0.0;13.0;564.1090710449222;0;11.753545145038405;0.3149240441997721
CHENE_TAUZIN;20.0;25.0;0.0;13.0;569.5575012207034;0;11.7140964420001;0.3157618941491652
CHENE_TAUZIN;20.0;25.0;0.0;13.0;575.0059313964847;0;11.674647738961793;0.31666424016928696
CHENE_TAUZIN;20.0;25.0;0.0;13.0;580.454361572266;0;11.635199035923488;0.3176310822601269
CHENE_TAUZIN;20.0;25.0;0.0;13.0;585.9027917480472;0;11.595750332885181;0.31866242042169013
CHENE_TAUZIN;20.0;25.0;0.0;13.0;591.3512219238285;0;11.556301629846875;0.31975825465398205
CHENE_TAUZIN;20.0;25.0;0.0;13.0;596.7996520996097;0;11.516852926808568;0.3209185849569921
CHENE_TAUZIN;20.0;25.0;0.0;13.0;602.248082275391;0;11.477404223770261;0.32214341133072544
CHENE_TAUZIN;20.0;25.0;0.0;13.0;607.6965124511722;0;11.437955520731954;0.3234327337751858
CHENE_TAUZIN;20.0;25.0;0.0;13.0;613.1449426269535;0;11.398506817693647;0.3247865522903676
CHENE_TAUZIN;20.0;25.0;0.0;13.0;618.5933728027347;0;11.35905811465534;0.3262048668762712
CHENE_TAUZIN;20.0;25.0;0.0;13.0;624.041802978516;0;11.319609411617035;0.32768767753290157
CHENE_TAUZIN;20.0;25.0;0.0;13.0;629.4902331542972;0;11.280160708578729;0.32923498426025366
CHENE_TAUZIN;20.0;25.0;0.0;13.0;634.9386633300785;0;11.240712005540423;0.33084678705833087
CHENE_TAUZIN;20.0;25.0;0.0;13.0;640.3870935058598;0;11.201263302502117;0.33252308592712787
CHENE_TAUZIN;20.0;25.0;0.0;13.0;645.835523681641;0;11.16181459946381;0.3342638808666483
CHENE_TAUZIN;20.0;25.0;0.0;13.0;651.2839538574223;0;11.122365896425503;0.3360691718768974
CHENE_TAUZIN;20.0;25.0;0.0;13.0;656.7323840332035;0;11.082917193387196;0.337938958957861
CHENE_TAUZIN;20.0;25.0;0.0;13.0;662.1808142089848;0;11.04346849034889;0.3398732421095551
CHENE_TAUZIN;20.0;25.0;0.0;13.0;667.629244384766;0;11.004019787310583;0.3418720213319708
CHENE_TAUZIN;20.0;25.0;0.0;13.0;673.0776745605473;0;10.964571084272276;0.3439352966251082
CHENE_TAUZIN;20.0;25.0;0.0;13.0;678.5261047363285;0;10.92512238123397;0.34606306798897235
CHENE_TAUZIN;20.0;25.0;0.0;13.0;683.9745349121098;0;10.885673678195664;0.3482553354235583
CHENE_TAUZIN;20.0;25.0;0.0;13.0;689.422965087891;0;10.846224975157357;0.3505120989288621
CHENE_TAUZIN;20.0;25.0;0.0;13.0;694.8713952636723;0;10.806776272119052;0.35283335850489644
CHENE_TAUZIN;20.0;25.0;0.0;13.0;700.3198254394536;0;10.767327569080745;0.35521911415165786
CHENE_TAUZIN;20.0;25.0;0.0;13.0;705.7682556152348;0;10.727878866042438;0.35766936586913717
CHENE_TAUZIN;20.0;25.0;0.0;13.0;711.2166857910161;0;10.688430163004131;0.3601841136573415
CHENE_TAUZIN;20.0;25.0;0.0;13.0;716.6651159667973;0;10.648981459965825;0.36276335751625877
CHENE_TAUZIN;20.0;25.0;0.0;13.0;722.1135461425786;0;10.609532756927518;0.3654070974459082
CHENE_TAUZIN;20.0;25.0;0.0;13.0;727.5619763183598;0;10.570084053889213;0.36811533344628994
CHENE_TAUZIN;20.0;25.0;0.0;13.0;733.0104064941411;0;10.530635350850904;0.37088806551737563
CHENE_TAUZIN;20.0;25.0;0.0;13.0;738.4588366699223;0;10.491186647812599;0.37372529365919516
CHENE_TAUZIN;20.0;25.0;0.0;13.0;743.9072668457036;0;10.451737944774294;0.37662701787174524
CHENE_TAUZIN;20.0;25.0;0.0;13.0;749.3556970214848;0;10.412289241735985;0.3795932381550099
CHENE_TAUZIN;20.0;25.0;0.0;13.0;754.8041271972661;0;10.37284053869768;0.38262395450900144
CHENE_TAUZIN;20.0;25.0;0.0;13.0;760.2525573730474;0;10.333391835659373;0.38571916693371094
CHENE_TAUZIN;20.0;25.0;0.0;13.0;765.7009875488286;0;10.293943132621067;0.38887887542914756
CHENE_TAUZIN;20.0;25.0;0.0;13.0;771.1494177246099;0;10.25449442958276;0.39210307999531097
CHENE_TAUZIN;20.0;25.0;0.0;13.0;776.5978479003911;0;10.215045726544453;0.3953917806321906
CHENE_TAUZIN;20.0;25.0;0.0;13.0;782.0462780761724;0;10.175597023506146;0.39874497733979564
CHENE_TAUZIN;20.0;25.0;0.0;13.0;787.4947082519536;0;10.136148320467841;0.40216267011812545
CHENE_TAUZIN;20.0;25.0;0.0;13.0;792.9431384277349;0;10.096699617429536;0.40564485896718233
CHENE_TAUZIN;20.0;25.0;0.0;13.0;798.3915686035161;0;10.057250914391227;0.4091915438869575
CHENE_TAUZIN;20.0;25.0;0.0;13.0;803.8399987792974;0;10.017802211352922;0.41280272487745756
CHENE_TAUZIN;20.0;25.0;0.0;13.0;809.2884289550786;0;9.978353508314616;0.4164784019386775
CHENE_TAUZIN;20.0;25.0;0.0;13.0;814.7368591308599;0;9.938904805276309;0.42021857507062454
CHENE_TAUZIN;20.0;25.0;0.0;13.0;820.1852893066412;0;9.899456102238002;0.42402324427329297
CHENE_TAUZIN;20.0;25.0;0.0;13.0;825.6337194824224;0;9.860007399199695;0.4278924095466921
CHENE_TAUZIN;20.0;25.0;0.0;13.0;831.0821496582037;0;9.820558696161388;0.43182607089080377
CHENE_TAUZIN;20.0;25.0;0.0;13.0;836.5305798339849;0;9.781109993123081;0.43582422830564954
CHENE_TAUZIN;20.0;25.0;0.0;13.0;841.9790100097662;0;9.741661290084775;0.4398868817912099
CHENE_TAUZIN;20.0;25.0;0.0;13.0;847.4274401855474;0;9.70221258704647;0.4440140313474917
CHENE_TAUZIN;20.0;25.0;0.0;13.0;852.8758703613287;0;9.662763884008164;0.44820567697450925
CHENE_TAUZIN;20.0;25.0;0.0;13.0;858.3243005371099;0;9.623315180969856;0.45246181867224156
CHENE_TAUZIN;20.0;25.0;0.0;13.0;863.7727307128912;0;9.58386647793155;0.456782456440697
CHENE_VERT;20.0;25.0;0.0;13.0;437.11179647191;1;8.928348327165654;0.0020572984606240436
CHENE_VERT;20.0;25.0;0.0;13.0;188.851415634155;0;9.419365299452819;0.010438326222174037
CHENE_VERT;20.0;25.0;0.0;13.0;195.13271856307955;0;9.406941946456374;0.01007496172039496
CHENE_VERT;20.0;25.0;0.0;13.0;201.4140214920041;0;9.394518593459932;0.009719452841270102
CHENE_VERT;20.0;25.0;0.0;13.0;207.69532442092867;0;9.382095240463487;0.009371799584799473
CHENE_VERT;20.0;25.0;0.0;13.0;213.97662734985323;0;9.369671887467044;0.00903200195098307
CHENE_VERT;20.0;25.0;0.0;13.0;220.2579302787778;0;9.3572485344706;0.008700059939820894
CHENE_VERT;20.0;25.0;0.0;13.0;226.53923320770235;0;9.344825181474155;0.008375973551312943
CHENE_VERT;20.0;25.0;0.0;13.0;232.8205361366269;0;9.332401828477712;0.008059742785459217
CHENE_VERT;20.0;25.0;0.0;13.0;239.10183906555147;0;9.319978475481268;0.007751367642259721
CHENE_VERT;20.0;25.0;0.0;13.0;245.38314199447603;0;9.307555122484825;0.007450848121714447
CHENE_VERT;20.0;25.0;0.0;13.0;251.6644449234006;0;9.29513176948838;0.007158184223823403
CHENE_VERT;20.0;25.0;0.0;13.0;257.94574785232516;0;9.282708416491936;0.006873375948586587
CHENE_VERT;20.0;25.0;0.0;13.0;264.2270507812497;0;9.270285063495493;0.006596423296003994
CHENE_VERT;20.0;25.0;0.0;13.0;270.5083537101743;0;9.257861710499048;0.006327326266075625
CHENE_VERT;20.0;25.0;0.0;13.0;276.78965663909884;0;9.245438357502604;0.006066084858801484
CHENE_VERT;20.0;25.0;0.0;13.0;283.0709595680234;0;9.23301500450616;0.005812699074181572
CHENE_VERT;20.0;25.0;0.0;13.0;289.35226249694796;0;9.220591651509716;0.005567168912215886
CHENE_VERT;20.0;25.0;0.0;13.0;295.6335654258725;0;9.208168298513272;0.005329494372904423
CHENE_VERT;20.0;25.0;0.0;13.0;301.9148683547971;0;9.195744945516829;0.005099675456247185
CHENE_VERT;20.0;25.0;0.0;13.0;308.19617128372164;0;9.183321592520384;0.004877712162244175
CHENE_VERT;20.0;25.0;0.0;13.0;314.4774742126462;0;9.170898239523941;0.004663604490895391
CHENE_VERT;20.0;25.0;0.0;13.0;320.75877714157076;0;9.158474886527497;0.004457352442200837
CHENE_VERT;20.0;25.0;0.0;13.0;327.0400800704953;0;9.146051533531052;0.004258956016160507
CHENE_VERT;20.0;25.0;0.0;13.0;333.3213829994199;0;9.13362818053461;0.004068415212774402
CHENE_VERT;20.0;25.0;0.0;13.0;339.60268592834444;0;9.121204827538165;0.0038857300320425236
CHENE_VERT;20.0;25.0;0.0;13.0;345.883988857269;0;9.108781474541722;0.003710900473964873
CHENE_VERT;20.0;25.0;0.0;13.0;352.16529178619356;0;9.096358121545277;0.0035439265385414495
CHENE_VERT;20.0;25.0;0.0;13.0;358.4465947151181;0;9.083934768548833;0.0033848082257722494
CHENE_VERT;20.0;25.0;0.0;13.0;364.7278976440427;0;9.07151141555239;0.003233545535657272
CHENE_VERT;20.0;25.0;0.0;13.0;371.00920057296725;0;9.059088062555945;0.0030901384681965276
CHENE_VERT;20.0;25.0;0.0;13.0;377.2905035018918;0;9.0466647095595;0.0029545870233900046
CHENE_VERT;20.0;25.0;0.0;13.0;383.57180643081637;0;9.034241356563058;0.002826891201237713
CHENE_VERT;20.0;25.0;0.0;13.0;389.8531093597409;0;9.021818003566613;0.0027070510017396434
CHENE_VERT;20.0;25.0;0.0;13.0;396.1344122886655;0;9.00939465057017;0.0025950664248958043
CHENE_VERT;20.0;25.0;0.0;13.0;402.41571521759005;0;8.996971297573726;0.002490937470706186
CHENE_VERT;20.0;25.0;0.0;13.0;408.6970181465146;0;8.984547944577281;0.0023946641391708007
CHENE_VERT;20.0;25.0;0.0;13.0;414.97832107543917;0;8.972124591580839;0.0023062464302896347
CHENE_VERT;20.0;25.0;0.0;13.0;421.25962400436373;0;8.959701238584394;0.002225684344062701
CHENE_VERT;20.0;25.0;0.0;13.0;427.5409269332883;0;8.94727788558795;0.0021529778804899877
CHENE_VERT;20.0;25.0;0.0;13.0;433.82222986221285;0;8.934854532591507;0.0020881270395715044
CHENE_VERT;20.0;25.0;0.0;13.0;440.1035327911374;0;8.922431179595062;0.002031131821307244
CHENE_VERT;20.0;25.0;0.0;13.0;446.384835720062;0;8.91000782659862;0.0019819922256972145
CHENE_VERT;20.0;25.0;0.0;13.0;452.66613864898653;0;8.897584473602175;0.0019407082527414066
CHENE_VERT;20.0;25.0;0.0;13.0;458.9474415779111;0;8.88516112060573;0.001907279902439826
CHENE_VERT;20.0;25.0;0.0;13.0;465.22874450683565;0;8.872737767609287;0.0018817071747924748
CHENE_VERT;20.0;25.0;0.0;13.0;471.5100474357602;0;8.860314414612843;0.0018639900697993458
CHENE_VERT;20.0;25.0;0.0;13.0;477.7913503646848;0;8.847891061616398;0.001854128587460447
CHENE_VERT;20.0;25.0;0.0;13.0;484.07265329360933;0;8.835467708619955;0.0018521227277757705
CHENE_VERT;20.0;25.0;0.0;13.0;490.3539562225339;0;8.82304435562351;0.0018579724907453253
CHENE_VERT;20.0;25.0;0.0;13.0;496.63525915145846;0;8.810621002627068;0.001871677876369101
CHENE_VERT;20.0;25.0;0.0;13.0;502.916562080383;0;8.798197649630623;0.0018932388846471073
CHENE_VERT;20.0;25.0;0.0;13.0;509.1978650093076;0;8.785774296634179;0.001922655515579338
CHENE_VERT;20.0;25.0;0.0;13.0;515.4791679382322;0;8.773350943637736;0.001959927769165797
CHENE_VERT;20.0;25.0;0.0;13.0;521.7604708671568;0;8.760927590641291;0.0020050556454064778
CHENE_VERT;20.0;25.0;0.0;13.0;528.0417737960813;0;8.748504237644847;0.0020580391443013853
CHENE_VERT;20.0;25.0;0.0;13.0;534.3230767250059;0;8.736080884648404;0.00211887826585052
CHENE_VERT;20.0;25.0;0.0;13.0;540.6043796539304;0;8.72365753165196;0.0021875730100538835
CHENE_VERT;20.0;25.0;0.0;13.0;546.885682582855;0;8.711234178655516;0.0022641233769114693
CHENE_VERT;20.0;25.0;0.0;13.0;553.1669855117796;0;8.698810825659072;0.002348529366423286
CHENE_VERT;20.0;25.0;0.0;13.0;559.4482884407041;0;8.686387472662627;0.0024407909785893246
CHENE_VERT;20.0;25.0;0.0;13.0;565.7295913696287;0;8.673964119666184;0.002540908213409589
CHENE_VERT;20.0;25.0;0.0;13.0;572.0108942985532;0;8.66154076666974;0.0026488810708840834
CHENE_VERT;20.0;25.0;0.0;13.0;578.2921972274778;0;8.649117413673297;0.002764709551012801
CHENE_VERT;20.0;25.0;0.0;13.0;584.5735001564024;0;8.636694060676852;0.0028883936537957493
CHENE_VERT;20.0;25.0;0.0;13.0;590.8548030853269;0;8.624270707680408;0.0030199333792329183
CHENE_VERT;20.0;25.0;0.0;13.0;597.1361060142515;0;8.611847354683965;0.0031593287273243183
CHENE_VERT;20.0;25.0;0.0;13.0;603.417408943176;0;8.59942400168752;0.003306579698069948
CHENE_VERT;20.0;25.0;0.0;13.0;609.6987118721006;0;8.587000648691076;0.0034616862914697965
CHENE_VERT;20.0;25.0;0.0;13.0;615.9800148010252;0;8.574577295694633;0.0036246485075238704
CHENE_VERT;20.0;25.0;0.0;13.0;622.2613177299497;0;8.562153942698188;0.0037954663462321713
CHENE_VERT;20.0;25.0;0.0;13.0;628.5426206588743;0;8.549730589701745;0.003974139807594698
CHENE_VERT;20.0;25.0;0.0;13.0;634.8239235877988;0;8.537307236705301;0.004160668891611459
CHENE_VERT;20.0;25.0;0.0;13.0;641.1052265167234;0;8.524883883708856;0.0043550535982824394
CHENE_VERT;20.0;25.0;0.0;13.0;647.386529445648;0;8.512460530712413;0.004557293927607653
CHENE_VERT;20.0;25.0;0.0;13.0;653.6678323745725;0;8.500037177715969;0.0047673898795870875
CHENE_VERT;20.0;25.0;0.0;13.0;659.9491353034971;0;8.487613824719526;0.004985341454220745
CHENE_VERT;20.0;25.0;0.0;13.0;666.2304382324216;0;8.475190471723081;0.005211148651508629
CHENE_VERT;20.0;25.0;0.0;13.0;672.5117411613462;0;8.462767118726637;0.005444811471450739
CHENE_VERT;20.0;25.0;0.0;13.0;678.7930440902708;0;8.450343765730194;0.005686329914047085
CHENE_VERT;20.0;25.0;0.0;13.0;685.0743470191953;0;8.43792041273375;0.005935703979297649
CHENE_VERT;20.0;25.0;0.0;13.0;691.3556499481199;0;8.425497059737305;0.0061929336672024386
CHENE_VERT;20.0;25.0;0.0;13.0;697.6369528770445;0;8.413073706740862;0.0064580189777614545
CHENE_VERT;20.0;25.0;0.0;13.0;703.918255805969;0;8.400650353744417;0.006730959910974705
CHENE_VERT;20.0;25.0;0.0;13.0;710.1995587348936;0;8.388227000747975;0.00701175646684217
CHENE_VERT;20.0;25.0;0.0;13.0;716.4808616638181;0;8.37580364775153;0.007300408645363866
CHENE_VERT;20.0;25.0;0.0;13.0;722.7621645927427;0;8.363380294755085;0.007596916446539793
CHENE_VERT;20.0;25.0;0.0;13.0;729.0434675216673;0;8.350956941758643;0.007901279870369942
CHENE_VERT;20.0;25.0;0.0;13.0;735.3247704505918;0;8.338533588762198;0.008213498916854314
CHENE_VERT;20.0;25.0;0.0;13.0;741.6060733795164;0;8.326110235765755;0.008533573585992915
CHENE_VERT;20.0;25.0;0.0;13.0;747.8873763084409;0;8.31368688276931;0.00886150387778574
CHENE_VERT;20.0;25.0;0.0;13.0;754.1686792373655;0;8.301263529772866;0.0091972897922328
CHENE_VERT;20.0;25.0;0.0;13.0;760.44998216629;0;8.288840176776423;0.009540931329334076
CHENE_VERT;20.0;25.0;0.0;13.0;766.7312850952146;0;8.276416823779979;0.009892428489089581
CHENE_VERT;20.0;25.0;0.0;13.0;773.0125880241392;0;8.263993470783536;0.01025178127149931
CHENE_VERT;20.0;25.0;0.0;13.0;779.2938909530637;0;8.251570117787091;0.010618989676563278
CHENE_VERT;20.0;25.0;0.0;13.0;785.5751938819883;0;8.239146764790647;0.01099405370428146
CHENE_VERT;20.0;25.0;0.0;13.0;791.8564968109129;0;8.226723411794204;0.011376973354653874
CHENE_VERT;20.0;25.0;0.0;13.0;798.1377997398374;0;8.21430005879776;0.011767748627680508
CHENE_VERT;20.0;25.0;0.0;13.0;804.419102668762;0;8.201876705801315;0.01216637952336138
CHENE_VERT;20.0;25.0;0.0;13.0;810.7004055976865;0;8.189453352804872;0.012572866041696466
CHENE_VERT;20.0;25.0;0.0;13.0;816.9817085266111;0;8.177029999808427;0.012987208182685783
CHENE_LIEGE;20.0;25.0;0.0;13.0;368.69704655583;1;8.600937861393785;0.23007843125855096
CHENE_LIEGE;20.0;25.0;0.0;13.0;202.315281867981;0;8.105941574977708;0.37048333560867014
CHENE_LIEGE;20.0;25.0;0.0;13.0;206.40154765129094;0;8.118098474454296;0.36599524666919364
CHENE_LIEGE;20.0;25.0;0.0;13.0;210.48781343460087;0;8.130255373930884;0.3615595179611275
CHENE_LIEGE;20.0;25.0;0.0;13.0;214.5740792179108;0;8.142412273407473;0.35717614948447163
CHENE_LIEGE;20.0;25.0;0.0;13.0;218.66034500122072;0;8.154569172884061;0.3528451412392261
CHENE_LIEGE;20.0;25.0;0.0;13.0;222.74661078453065;0;8.166726072360648;0.3485664932253916
CHENE_LIEGE;20.0;25.0;0.0;13.0;226.83287656784057;0;8.178882971837236;0.3443402054429671
CHENE_LIEGE;20.0;25.0;0.0;13.0;230.9191423511505;0;8.191039871313825;0.3401662778919535
CHENE_LIEGE;20.0;25.0;0.0;13.0;235.00540813446042;0;8.203196770790413;0.3360447105723498
CHENE_LIEGE;20.0;25.0;0.0;13.0;239.09167391777035;0;8.215353670267;0.33197550348415683
CHENE_LIEGE;20.0;25.0;0.0;13.0;243.17793970108028;0;8.227510569743588;0.3279586566273744
CHENE_LIEGE;20.0;25.0;0.0;13.0;247.2642054843902;0;8.239667469220176;0.32399417000200254
CHENE_LIEGE;20.0;25.0;0.0;13.0;251.35047126770013;0;8.251824368696765;0.32008204360804104
CHENE_LIEGE;20.0;25.0;0.0;13.0;255.43673705101006;0;8.263981268173351;0.3162222774454898
CHENE_LIEGE;20.0;25.0;0.0;13.0;259.52300283432;0;8.27613816764994;0.31241487151434916
CHENE_LIEGE;20.0;25.0;0.0;13.0;263.60926861762994;0;8.288295067126528;0.308659825814619
CHENE_LIEGE;20.0;25.0;0.0;13.0;267.6955344009399;0;8.300451966603116;0.3049571403462995
CHENE_LIEGE;20.0;25.0;0.0;13.0;271.78180018424985;0;8.312608866079705;0.30130681510939006
CHENE_LIEGE;20.0;25.0;0.0;13.0;275.8680659675598;0;8.324765765556291;0.2977088501038914
CHENE_LIEGE;20.0;25.0;0.0;13.0;279.95433175086976;0;8.33692266503288;0.2941632453298031
CHENE_LIEGE;20.0;25.0;0.0;13.0;284.0405975341797;0;8.349079564509468;0.29067000078712585
CHENE_LIEGE;20.0;25.0;0.0;13.0;288.12686331748966;0;8.361236463986057;0.28722911647585836
CHENE_LIEGE;20.0;25.0;0.0;13.0;292.2131291007996;0;8.373393363462645;0.28384059239600157
CHENE_LIEGE;20.0;25.0;0.0;13.0;296.2993948841096;0;8.385550262939233;0.280504428547555
CHENE_LIEGE;20.0;25.0;0.0;13.0;300.38566066741953;0;8.39770716241582;0.27722062493051935
CHENE_LIEGE;20.0;25.0;0.0;13.0;304.4719264507295;0;8.409864061892408;0.27398918154489366
CHENE_LIEGE;20.0;25.0;0.0;13.0;308.55819223403944;0;8.422020961368997;0.2708100983906785
CHENE_LIEGE;20.0;25.0;0.0;13.0;312.6444580173494;0;8.434177860845585;0.2676833754678744
CHENE_LIEGE;20.0;25.0;0.0;13.0;316.73072380065935;0;8.446334760322173;0.26460901277648013
CHENE_LIEGE;20.0;25.0;0.0;13.0;320.8169895839693;0;8.45849165979876;0.2615870103164965
CHENE_LIEGE;20.0;25.0;0.0;13.0;324.90325536727926;0;8.470648559275348;0.2586173680879233
CHENE_LIEGE;20.0;25.0;0.0;13.0;328.9895211505892;0;8.482805458751937;0.255700086090761
CHENE_LIEGE;20.0;25.0;0.0;13.0;333.07578693389917;0;8.494962358228525;0.2528351643250087
CHENE_LIEGE;20.0;25.0;0.0;13.0;337.1620527172091;0;8.507119257705114;0.2500226027906669
CHENE_LIEGE;20.0;25.0;0.0;13.0;341.2483185005191;0;8.519276157181702;0.24726240148773582
CHENE_LIEGE;20.0;25.0;0.0;13.0;345.33458428382903;0;8.531433056658289;0.24455456041621548
CHENE_LIEGE;20.0;25.0;0.0;13.0;349.420850067139;0;8.543589956134877;0.241899079576105
CHENE_LIEGE;20.0;25.0;0.0;13.0;353.50711585044894;0;8.555746855611465;0.2392959589674052
CHENE_LIEGE;20.0;25.0;0.0;13.0;357.5933816337589;0;8.567903755088054;0.236745198590116
CHENE_LIEGE;20.0;25.0;0.0;13.0;361.67964741706885;0;8.580060654564642;0.2342467984442371
CHENE_LIEGE;20.0;25.0;0.0;13.0;365.7659132003788;0;8.592217554041229;0.23180075852976847
CHENE_LIEGE;20.0;25.0;0.0;13.0;369.85217898368876;0;8.604374453517817;0.22940707884671072
CHENE_LIEGE;20.0;25.0;0.0;13.0;373.9384447669987;0;8.616531352994405;0.22706575939506335
CHENE_LIEGE;20.0;25.0;0.0;13.0;378.02471055030867;0;8.628688252470994;0.22477680017482654
CHENE_LIEGE;20.0;25.0;0.0;13.0;382.1109763336186;0;8.640845151947582;0.22254020118599985
CHENE_LIEGE;20.0;25.0;0.0;13.0;386.1972421169286;0;8.653002051424169;0.2203559624285838
CHENE_LIEGE;20.0;25.0;0.0;13.0;390.28350790023853;0;8.665158950900757;0.2182240839025783
CHENE_LIEGE;20.0;25.0;0.0;13.0;394.3697736835485;0;8.677315850377346;0.21614456560798326
CHENE_LIEGE;20.0;25.0;0.0;13.0;398.45603946685844;0;8.689472749853934;0.21411740754479852
CHENE_LIEGE;20.0;25.0;0.0;13.0;402.5423052501684;0;8.701629649330522;0.2121426097130244
CHENE_LIEGE;20.0;25.0;0.0;13.0;406.62857103347835;0;8.71378654880711;0.2102201721126609
CHENE_LIEGE;20.0;25.0;0.0;13.0;410.7148368167883;0;8.725943448283697;0.20835009474370744
CHENE_LIEGE;20.0;25.0;0.0;13.0;414.80110260009826;0;8.738100347760286;0.20653237760616486
CHENE_LIEGE;20.0;25.0;0.0;13.0;418.8873683834082;0;8.750257247236874;0.20476702070003275
CHENE_LIEGE;20.0;25.0;0.0;13.0;422.97363416671817;0;8.762414146713462;0.20305402402531106
CHENE_LIEGE;20.0;25.0;0.0;13.0;427.0598999500281;0;8.77457104619005;0.20139338758199965
CHENE_LIEGE;20.0;25.0;0.0;13.0;431.1461657333381;0;8.786727945666637;0.1997851113700987
CHENE_LIEGE;20.0;25.0;0.0;13.0;435.23243151664803;0;8.798884845143226;0.19822919538960854
CHENE_LIEGE;20.0;25.0;0.0;13.0;439.318697299958;0;8.811041744619814;0.19672563964052867
CHENE_LIEGE;20.0;25.0;0.0;13.0;443.40496308326794;0;8.823198644096403;0.1952744441228591
CHENE_LIEGE;20.0;25.0;0.0;13.0;447.4912288665779;0;8.835355543572991;0.1938756088366001
CHENE_LIEGE;20.0;25.0;0.0;13.0;451.57749464988785;0;8.84751244304958;0.1925291337817516
CHENE_LIEGE;20.0;25.0;0.0;13.0;455.6637604331978;0;8.859669342526166;0.19123501895831357
CHENE_LIEGE;20.0;25.0;0.0;13.0;459.75002621650776;0;8.871826242002754;0.1899932643662862
CHENE_LIEGE;20.0;25.0;0.0;13.0;463.8362919998177;0;8.883983141479343;0.18880387000566903
CHENE_LIEGE;20.0;25.0;0.0;13.0;467.9225577831277;0;8.896140040955931;0.18766683587646238
CHENE_LIEGE;20.0;25.0;0.0;13.0;472.0088235664376;0;8.90829694043252;0.18658216197866617
CHENE_LIEGE;20.0;25.0;0.0;13.0;476.0950893497476;0;8.920453839909108;0.18554984831228052
CHENE_LIEGE;20.0;25.0;0.0;13.0;480.18135513305754;0;8.932610739385694;0.18456989487730535
CHENE_LIEGE;20.0;25.0;0.0;13.0;484.2676209163675;0;8.944767638862283;0.18364230167374065
CHENE_LIEGE;20.0;25.0;0.0;13.0;488.35388669967745;0;8.956924538338871;0.18276706870158654
CHENE_LIEGE;20.0;25.0;0.0;13.0;492.4401524829874;0;8.96908143781546;0.18194419596084271
CHENE_LIEGE;20.0;25.0;0.0;13.0;496.52641826629736;0;8.981238337292048;0.1811736834515093
CHENE_LIEGE;20.0;25.0;0.0;13.0;500.6126840496073;0;8.993395236768635;0.1804555311735866
CHENE_LIEGE;20.0;25.0;0.0;13.0;504.69894983291726;0;9.005552136245223;0.1797897391270742
CHENE_LIEGE;20.0;25.0;0.0;13.0;508.7852156162272;0;9.017709035721811;0.17917630731197212
CHENE_LIEGE;20.0;25.0;0.0;13.0;512.8714813995372;0;9.0298659351984;0.1786152357282807
CHENE_LIEGE;20.0;25.0;0.0;13.0;516.9577471828471;0;9.042022834674988;0.17810652437599972
CHENE_LIEGE;20.0;25.0;0.0;13.0;521.0440129661571;0;9.054179734151575;0.17765017325512938
CHENE_LIEGE;20.0;25.0;0.0;13.0;525.130278749467;0;9.066336633628163;0.17724618236566927
CHENE_LIEGE;20.0;25.0;0.0;13.0;529.216544532777;0;9.078493533104751;0.17689455170762003
CHENE_LIEGE;20.0;25.0;0.0;13.0;533.302810316087;0;9.09065043258134;0.17659528128098081
CHENE_LIEGE;20.0;25.0;0.0;13.0;537.3890760993969;0;9.102807332057928;0.17634837108575224
CHENE_LIEGE;20.0;25.0;0.0;13.0;541.4753418827069;0;9.114964231534517;0.1761538211219341
CHENE_LIEGE;20.0;25.0;0.0;13.0;545.5616076660168;0;9.127121131011103;0.17601163138952644
CHENE_LIEGE;20.0;25.0;0.0;13.0;549.6478734493268;0;9.139278030487691;0.1759218018885293
CHENE_LIEGE;20.0;25.0;0.0;13.0;553.7341392326367;0;9.15143492996428;0.17588433261894268
CHENE_LIEGE;20.0;25.0;0.0;13.0;557.8204050159467;0;9.163591829440868;0.1758992235807663
CHENE_LIEGE;20.0;25.0;0.0;13.0;561.9066707992566;0;9.175748728917457;0.17596647477400054
CHENE_LIEGE;20.0;25.0;0.0;13.0;565.9929365825666;0;9.187905628394043;0.17608608619864508
CHENE_LIEGE;20.0;25.0;0.0;13.0;570.0792023658765;0;9.200062527870632;0.17625805785470033
CHENE_LIEGE;20.0;25.0;0.0;13.0;574.1654681491865;0;9.21221942734722;0.17648238974216598
CHENE_LIEGE;20.0;25.0;0.0;13.0;578.2517339324964;0;9.224376326823808;0.17675908186104206
CHENE_LIEGE;20.0;25.0;0.0;13.0;582.3379997158064;0;9.236533226300397;0.17708813421132868
CHENE_LIEGE;20.0;25.0;0.0;13.0;586.4242654991164;0;9.248690125776985;0.1774695467930257
CHENE_LIEGE;20.0;25.0;0.0;13.0;590.5105312824263;0;9.260847025253572;0.17790331960613331
CHENE_LIEGE;20.0;25.0;0.0;13.0;594.5967970657363;0;9.27300392473016;0.17838945265065131
CHENE_LIEGE;20.0;25.0;0.0;13.0;598.6830628490462;0;9.285160824206748;0.17892794592657968
CHENE_LIEGE;20.0;25.0;0.0;13.0;602.7693286323562;0;9.297317723683337;0.17951879943391869
CHENE_LIEGE;20.0;25.0;0.0;13.0;606.8555944156661;0;9.309474623159925;0.18016201317266808
ERABLE_A_FEUILLES_D_OBIER;20.0;25.0;0.0;13.0;664.428947434198;1;13.880833871921872;0.08596399819988734
ERABLE_A_FEUILLES_D_OBIER;20.0;25.0;0.0;13.0;364.455810546875;0;11.972317546087812;0.1234495880707065
ERABLE_A_FEUILLES_D_OBIER;20.0;25.0;0.0;13.0;371.61273498535155;0;12.017851980521932;0.12155619692175298
ERABLE_A_FEUILLES_D_OBIER;20.0;25.0;0.0;13.0;378.7696594238281;0;12.063386414956053;0.11971164219897265
ERABLE_A_FEUILLES_D_OBIER;20.0;25.0;0.0;13.0;385.92658386230465;0;12.108920849390172;0.11791592390236566
ERABLE_A_FEUILLES_D_OBIER;20.0;25.0;0.0;13.0;393.0835083007812;0;12.154455283824293;0.11616904203193204
ERABLE_A_FEUILLES_D_OBIER;20.0;25.0;0.0;13.0;400.24043273925776;0;12.199989718258413;0.11447099658767175
ERABLE_A_FEUILLES_D_OBIER;20.0;25.0;0.0;13.0;407.3973571777343;0;12.245524152692534;0.11282178756958483
ERABLE_A_FEUILLES_D_OBIER;20.0;25.0;0.0;13.0;414.55428161621086;0;12.291058587126654;0.1112214149776714
ERABLE_A_FEUILLES_D_OBIER;20.0;25.0;0.0;13.0;421.7112060546874;0;12.336593021560775;0.10966987881193117
ERABLE_A_FEUILLES_D_OBIER;20.0;25.0;0.0;13.0;428.86813049316396;0;12.382127455994896;0.10816717907236417
ERABLE_A_FEUILLES_D_OBIER;20.0;25.0;0.0;13.0;436.0250549316405;0;12.427661890429015;0.10671331575897064
ERABLE_A_FEUILLES_D_OBIER;20.0;25.0;0.0;13.0;443.18197937011706;0;12.473196324863135;0.10530828887175046
ERABLE_A_FEUILLES_D_OBIER;20.0;25.0;0.0;13.0;450.3389038085936;0;12.518730759297256;0.10395209841070363
ERABLE_A_FEUILLES_D_OBIER;20.0;25.0;0.0;13.0;457.49582824707016;0;12.564265193731377;0.10264474437583035
ERABLE_A_FEUILLES_D_OBIER;20.0;25.0;0.0;13.0;464.6527526855467;0;12.609799628165497;0.10138622676713024
ERABLE_A_FEUILLES_D_OBIER;20.0;25.0;0.0;13.0;471.80967712402327;0;12.655334062599618;0.10017654558460348
ERABLE_A_FEUILLES_D_OBIER;20.0;25.0;0.0;13.0;478.9666015624998;0;12.700868497033738;0.09901570082825006
ERABLE_A_FEUILLES_D_OBIER;20.0;25.0;0.0;13.0;486.12352600097637;0;12.746402931467859;0.09790369249807
ERABLE_A_FEUILLES_D_OBIER;20.0;25.0;0.0;13.0;493.2804504394529;0;12.79193736590198;0.09684052059406327
ERABLE_A_FEUILLES_D_OBIER;20.0;25.0;0.0;13.0;500.43737487792947;0;12.8374718003361;0.09582618511622994
ERABLE_A_FEUILLES_D_OBIER;20.0;25.0;0.0;13.0;507.594299316406;0;12.883006234770221;0.09486068606456993
ERABLE_A_FEUILLES_D_OBIER;20.0;25.0;0.0;13.0;514.7512237548826;0;12.928540669204342;0.0939440234390833
ERABLE_A_FEUILLES_D_OBIER;20.0;25.0;0.0;13.0;521.9081481933592;0;12.974075103638462;0.09307619723976998
ERABLE_A_FEUILLES_D_OBIER;20.0;25.0;0.0;13.0;529.0650726318358;0;13.019609538072583;0.09225720746663006
ERABLE_A_FEUILLES_D_OBIER;20.0;25.0;0.0;13.0;536.2219970703125;0;13.065143972506704;0.09148705411966346
ERABLE_A_FEUILLES_D_OBIER;20.0;25.0;0.0;13.0;543.3789215087891;0;13.110678406940826;0.09076573719887024
ERABLE_A_FEUILLES_D_OBIER;20.0;25.0;0.0;13.0;550.5358459472657;0;13.156212841374947;0.09009325670425034
ERABLE_A_FEUILLES_D_OBIER;20.0;25.0;0.0;13.0;557.6927703857423;0;13.201747275809067;0.08946961263580382
ERABLE_A_FEUILLES_D_OBIER;20.0;25.0;0.0;13.0;564.8496948242189;0;13.247281710243188;0.08889480499353064
ERABLE_A_FEUILLES_D_OBIER;20.0;25.0;0.0;13.0;572.0066192626955;0;13.292816144677309;0.08836883377743067
ERABLE_A_FEUILLES_D_OBIER;20.0;25.0;0.0;13.0;579.1635437011721;0;13.33835057911143;0.0878916989875042
ERABLE_A_FEUILLES_D_OBIER;20.0;25.0;0.0;13.0;586.3204681396487;0;13.383885013545552;0.08746340062375108
ERABLE_A_FEUILLES_D_OBIER;20.0;25.0;0.0;13.0;593.4773925781253;0;13.429419447979672;0.08708393868617133
ERABLE_A_FEUILLES_D_OBIER;20.0;25.0;0.0;13.0;600.6343170166019;0;13.474953882413793;0.08675331317476488
ERABLE_A_FEUILLES_D_OBIER;20.0;25.0;0.0;13.0;607.7912414550785;0;13.520488316847914;0.08647152408953182
ERABLE_A_FEUILLES_D_OBIER;20.0;25.0;0.0;13.0;614.9481658935551;0;13.566022751282034;0.08623857143047212
ERABLE_A_FEUILLES_D_OBIER;20.0;25.0;0.0;13.0;622.1050903320318;0;13.611557185716155;0.08605445519758573
ERABLE_A_FEUILLES_D_OBIER;20.0;25.0;0.0;13.0;629.2620147705084;0;13.657091620150275;0.08591917539087274
ERABLE_A_FEUILLES_D_OBIER;20.0;25.0;0.0;13.0;636.418939208985;0;13.702626054584396;0.08583273201033308
ERABLE_A_FEUILLES_D_OBIER;20.0;25.0;0.0;13.0;643.5758636474616;0;13.748160489018517;0.08579512505596665
ERABLE_A_FEUILLES_D_OBIER;20.0;25.0;0.0;13.0;650.7327880859382;0;13.793694923452637;0.08580635452777366
ERABLE_A_FEUILLES_D_OBIER;20.0;25.0;0.0;13.0;657.8897125244148;0;13.839229357886758;0.08586642042575407
ERABLE_A_FEUILLES_D_OBIER;20.0;25.0;0.0;13.0;665.0466369628914;0;13.88476379232088;0.08597532274990784
ERABLE_A_FEUILLES_D_OBIER;20.0;25.0;0.0;13.0;672.203561401368;0;13.930298226755001;0.08613306150023509
ERABLE_A_FEUILLES_D_OBIER;20.0;25.0;0.0;13.0;679.3604858398446;0;13.975832661189122;0.08633963667673537
ERABLE_A_FEUILLES_D_OBIER;20.0;25.0;0.0;13.0;686.5174102783212;0;14.021367095623244;0.0865950482794092
ERABLE_A_FEUILLES_D_OBIER;20.0;25.0;0.0;13.0;693.6743347167978;0;14.066901530057365;0.08689929630825637
ERABLE_A_FEUILLES_D_OBIER;20.0;25.0;0.0;13.0;700.8312591552744;0;14.112435964491485;0.08725238076327688
ERABLE_A_FEUILLES_D_OBIER;20.0;25.0;0.0;13.0;707.988183593751;0;14.157970398925606;0.08765430164447062
ERABLE_A_FEUILLES_D_OBIER;20.0;25.0;0.0;13.0;715.1451080322277;0;14.203504833359727;0.08810505895183794
ERABLE_A_FEUILLES_D_OBIER;20.0;25.0;0.0;13.0;722.3020324707043;0;14.249039267793847;0.08860465268537852
ERABLE_A_FEUILLES_D_OBIER;20.0;25.0;0.0;13.0;729.4589569091809;0;14.294573702227968;0.08915308284509246
ERABLE_A_FEUILLES_D_OBIER;20.0;25.0;0.0;13.0;736.6158813476575;0;14.340108136662089;0.08975034943097973
ERABLE_A_FEUILLES_D_OBIER;20.0;25.0;0.0;13.0;743.7728057861341;0;14.38564257109621;0.09039645244304036
ERABLE_A_FEUILLES_D_OBIER;20.0;25.0;0.0;13.0;750.9297302246107;0;14.43117700553033;0.09109139188127437
ERABLE_A_FEUILLES_D_OBIER;20.0;25.0;0.0;13.0;758.0866546630873;0;14.476711439964452;0.0918351677456817
ERABLE_A_FEUILLES_D_OBIER;20.0;25.0;0.0;13.0;765.2435791015639;0;14.522245874398571;0.0926277800362623
ERABLE_A_FEUILLES_D_OBIER;20.0;25.0;0.0;13.0;772.4005035400405;0;14.567780308832692;0.09346922875301636
ERABLE_A_FEUILLES_D_OBIER;20.0;25.0;0.0;13.0;779.5574279785171;0;14.613314743266814;0.09435951389594362
ERABLE_A_FEUILLES_D_OBIER;20.0;25.0;0.0;13.0;786.7143524169937;0;14.658849177700935;0.09529863546504437
ERABLE_A_FEUILLES_D_OBIER;20.0;25.0;0.0;13.0;793.8712768554703;0;14.704383612135057;0.0962865934603185
ERABLE_A_FEUILLES_D_OBIER;20.0;25.0;0.0;13.0;801.028201293947;0;14.749918046569178;0.09732338788176591
ERABLE_A_FEUILLES_D_OBIER;20.0;25.0;0.0;13.0;808.1851257324236;0;14.795452481003299;0.09840901872938676
ERABLE_A_FEUILLES_D_OBIER;20.0;25.0;0.0;13.0;815.3420501709002;0;14.84098691543742;0.09954348600318097
ERABLE_A_FEUILLES_D_OBIER;20.0;25.0;0.0;13.0;822.4989746093768;0;14.88652134987154;0.1007267897031485
ERABLE_A_FEUILLES_D_OBIER;20.0;25.0;0.0;13.0;829.6558990478534;0;14.93205578430566;0.10195892982928934
ERABLE_A_FEUILLES_D_OBIER;20.0;25.0;0.0;13.0;836.81282348633;0;14.977590218739781;0.10323990638160359
ERABLE_A_FEUILLES_D_OBIER;20.0;25.0;0.0;13.0;843.9697479248066;0;15.023124653173902;0.1045697193600911
ERABLE_A_FEUILLES_D_OBIER;20.0;25.0;0.0;13.0;851.1266723632832;0;15.068659087608022;0.10594836876475192
ERABLE_A_FEUILLES_D_OBIER;20.0;25.0;0.0;13.0;858.2835968017598;0;15.114193522042143;0.10737585459558602
ERABLE_A_FEUILLES_D_OBIER;20.0;25.0;0.0;13.0;865.4405212402364;0;15.159727956476264;0.10885217685259373
ERABLE_A_FEUILLES_D_OBIER;20.0;25.0;0.0;13.0;872.597445678713;0;15.205262390910384;0.11037733553577467
ERABLE_A_FEUILLES_D_OBIER;20.0;25.0;0.0;13.0;879.7543701171896;0;15.250796825344505;0.11195133064512905
ERABLE_A_FEUILLES_D_OBIER;20.0;25.0;0.0;13.0;886.9112945556662;0;15.296331259778627;0.11357416218065668
ERABLE_A_FEUILLES_D_OBIER;20.0;25.0;0.0;13.0;894.0682189941429;0;15.341865694212748;0.11524583014235779
ERABLE_A_FEUILLES_D_OBIER;20.0;25.0;0.0;13.0;901.2251434326195;0;15.38740012864687;0.1169663345302321
ERABLE_A_FEUILLES_D_OBIER;20.0;25.0;0.0;13.0;908.3820678710961;0;15.432934563080991;0.11873567534427988
ERABLE_A_FEUILLES_D_OBIER;20.0;25.0;0.0;13.0;915.5389923095727;0;15.47846899751511;0.12055385258450081
ERABLE_A_FEUILLES_D_OBIER;20.0;25.0;0.0;13.0;922.6959167480493;0;15.524003431949232;0.12242086625089518
ERABLE_A_FEUILLES_D_OBIER;20.0;25.0;0.0;13.0;929.8528411865259;0;15.569537866383353;0.12433671634346292
ERABLE_A_FEUILLES_D_OBIER;20.0;25.0;0.0;13.0;937.0097656250025;0;15.615072300817474;0.1263014028622041
ERABLE_A_FEUILLES_D_OBIER;20.0;25.0;0.0;13.0;944.1666900634791;0;15.660606735251594;0.12831492580711856
ERABLE_A_FEUILLES_D_OBIER;20.0;25.0;0.0;13.0;951.3236145019557;0;15.706141169685715;0.13037728517820646
ERABLE_A_FEUILLES_D_OBIER;20.0;25.0;0.0;13.0;958.4805389404323;0;15.751675604119836;0.13248848097546762
ERABLE_A_FEUILLES_D_OBIER;20.0;25.0;0.0;13.0;965.6374633789089;0;15.797210038553956;0.13464851319890214
ERABLE_A_FEUILLES_D_OBIER;20.0;25.0;0.0;13.0;972.7943878173855;0;15.842744472988077;0.13685738184850998
ERABLE_A_FEUILLES_D_OBIER;20.0;25.0;0.0;13.0;979.9513122558621;0;15.888278907422198;0.13911508692429128
ERABLE_A_FEUILLES_D_OBIER;20.0;25.0;0.0;13.0;987.1082366943388;0;15.93381334185632;0.14142162842624584
ERABLE_A_FEUILLES_D_OBIER;20.0;25.0;0.0;13.0;994.2651611328154;0;15.97934777629044;0.14377700635437368
ERABLE_A_FEUILLES_D_OBIER;20.0;25.0;0.0;13.0;1001.422085571292;0;16.02488221072456;0.146181220708675
ERABLE_A_FEUILLES_D_OBIER;20.0;25.0;0.0;13.0;1008.5790100097686;0;16.070416645158684;0.14863427148914976
ERABLE_A_FEUILLES_D_OBIER;20.0;25.0;0.0;13.0;1015.7359344482452;0;16.1159510795928;0.1511361586957976
ERABLE_A_FEUILLES_D_OBIER;20.0;25.0;0.0;13.0;1022.8928588867218;0;16.161485514026925;0.153686882328619
ERABLE_A_FEUILLES_D_OBIER;20.0;25.0;0.0;13.0;1030.0497833251984;0;16.207019948461046;0.15628644238761366
ERABLE_A_FEUILLES_D_OBIER;20.0;25.0;0.0;13.0;1037.206707763675;0;16.252554382895166;0.15893483887278181
ERABLE_A_FEUILLES_D_OBIER;20.0;25.0;0.0;13.0;1044.3636322021516;0;16.298088817329287;0.16163207178412323
ERABLE_A_FEUILLES_D_OBIER;20.0;25.0;0.0;13.0;1051.5205566406282;0;16.343623251763407;0.16437814112163804
ERABLE_A_FEUILLES_D_OBIER;20.0;25.0;0.0;13.0;1058.6774810791048;0;16.389157686197528;0.1671730468853262
ERABLE_A_FEUILLES_D_OBIER;20.0;25.0;0.0;13.0;1065.8344055175814;0;16.43469212063165;0.17001678907518747
ERABLE_A_FEUILLES_D_OBIER;20.0;25.0;0.0;13.0;1072.991329956058;0;16.48022655506577;0.17290936769122228
HETRE;20.0;25.0;0.0;13.0;600.654604704484;1;17.389142545359714;0.002908737600669043
HETRE;20.0;25.0;0.0;13.0;328.779903411865;0;16.697184061905624;0.0035837010149999196
HETRE;20.0;25.0;0.0;13.0;342.62964328765844;0;16.732433553510116;0.0034077610085309798
HETRE;20.0;25.0;0.0;13.0;356.47938316345187;0;16.767683045114605;0.003247017342177777
HETRE;20.0;25.0;0.0;13.0;370.3291230392453;0;16.802932536719098;0.00310147001594027
HETRE;20.0;25.0;0.0;13.0;384.17886291503874;0;16.838182028323587;0.00297111902981847
HETRE;20.0;25.0;0.0;13.0;398.02860279083217;0;16.87343151992808;0.0028559643838123846
HETRE;20.0;25.0;0.0;13.0;411.8783426666256;0;16.90868101153257;0.0027560060779220023
HETRE;20.0;25.0;0.0;13.0;425.72808254241903;0;16.94393050313706;0.002671244112147335
HETRE;20.0;25.0;0.0;13.0;439.57782241821246;0;16.97917999474155;0.002601678486488376
HETRE;20.0;25.0;0.0;13.0;453.4275622940059;0;17.014429486346042;0.002547309200945127
HETRE;20.0;25.0;0.0;13.0;467.2773021697993;0;17.049678977950535;0.00250813625551759
HETRE;20.0;25.0;0.0;13.0;481.12704204559276;0;17.084928469555024;0.0024841596502057535
HETRE;20.0;25.0;0.0;13.0;494.9767819213862;0;17.120177961159516;0.0024753793850096273
HETRE;20.0;25.0;0.0;13.0;508.8265217971796;0;17.155427452764005;0.0024817954599292225
HETRE;20.0;25.0;0.0;13.0;522.676261672973;0;17.190676944368498;0.0025034078749645097
HETRE;20.0;25.0;0.0;13.0;536.5260015487665;0;17.225926435972987;0.0025402166301155228
HETRE;20.0;25.0;0.0;13.0;550.37574142456;0;17.26117592757748;0.002592221725382237
HETRE;20.0;25.0;0.0;13.0;564.2254813003535;0;17.29642541918197;0.002659423160764658
HETRE;20.0;25.0;0.0;13.0;578.075221176147;0;17.33167491078646;0.002741820936262793
HETRE;20.0;25.0;0.0;13.0;591.9249610519405;0;17.366924402390953;0.00283941505187664
HETRE;20.0;25.0;0.0;13.0;605.774700927734;0;17.402173893995442;0.002952205507606194
HETRE;20.0;25.0;0.0;13.0;619.6244408035275;0;17.437423385599935;0.0030801923034514526
HETRE;20.0;25.0;0.0;13.0;633.474180679321;0;17.472672877204424;0.00322337543941243
HETRE;20.0;25.0;0.0;13.0;647.3239205551145;0;17.507922368808917;0.003381754915489113
HETRE;20.0;25.0;0.0;13.0;661.173660430908;0;17.543171860413405;0.0035553307316815055
HETRE;20.0;25.0;0.0;13.0;675.0234003067014;0;17.578421352017898;0.003744102887989602
HETRE;20.0;25.0;0.0;13.0;688.8731401824949;0;17.613670843622387;0.00394807138441341
HETRE;20.0;25.0;0.0;13.0;702.7228800582884;0;17.64892033522688;0.004167236220952931
HETRE;20.0;25.0;0.0;13.0;716.5726199340819;0;17.68416982683137;0.0044015973976081636
HETRE;20.0;25.0;0.0;13.0;730.4223598098754;0;17.71941931843586;0.0046511549143790935
HETRE;20.0;25.0;0.0;13.0;744.2720996856689;0;17.754668810040354;0.0049159087712657475
HETRE;20.0;25.0;0.0;13.0;758.1218395614624;0;17.789918301644843;0.0051958589682681066
HETRE;20.0;25.0;0.0;13.0;771.9715794372559;0;17.825167793249335;0.005491005505386169
HETRE;20.0;25.0;0.0;13.0;785.8213193130493;0;17.860417284853824;0.005801348382619958
HETRE;20.0;25.0;0.0;13.0;799.6710591888428;0;17.895666776458317;0.006126887599969431
HETRE;20.0;25.0;0.0;13.0;813.5207990646363;0;17.930916268062806;0.006467623157434631
HETRE;20.0;25.0;0.0;13.0;827.3705389404298;0;17.966165759667298;0.0068235550550155375
HETRE;20.0;25.0;0.0;13.0;841.2202788162233;0;18.001415251271787;0.007194683292712144
HETRE;20.0;25.0;0.0;13.0;855.0700186920168;0;18.03666474287628;0.007581007870524478
HETRE;20.0;25.0;0.0;13.0;868.9197585678103;0;18.07191423448077;0.00798252878845251
HETRE;20.0;25.0;0.0;13.0;882.7694984436038;0;18.10716372608526;0.008399246046496243
HETRE;20.0;25.0;0.0;13.0;896.6192383193973;0;18.142413217689754;0.008831159644655705
HETRE;20.0;25.0;0.0;13.0;910.4689781951907;0;18.177662709294243;0.009278269582930869
HETRE;20.0;25.0;0.0;13.0;924.3187180709842;0;18.212912200898735;0.009740575861321741
HETRE;20.0;25.0;0.0;13.0;938.1684579467777;0;18.248161692503224;0.010218078479828318
HETRE;20.0;25.0;0.0;13.0;952.0181978225712;0;18.283411184107717;0.010710777438450607
HETRE;20.0;25.0;0.0;13.0;965.8679376983647;0;18.318660675712206;0.011218672737188608
HETRE;20.0;25.0;0.0;13.0;979.7176775741582;0;18.353910167316698;0.011741764376042317
HETRE;20.0;25.0;0.0;13.0;993.5674174499517;0;18.38915965892119;0.012280052355011738
HETRE;20.0;25.0;0.0;13.0;1007.4171573257452;0;18.42440915052568;0.012833536674096865
HETRE;20.0;25.0;0.0;13.0;1021.2668972015387;0;18.45965864213017;0.013402217333297705
HETRE;20.0;25.0;0.0;13.0;1035.1166370773321;0;18.49490813373466;0.01398609433261425
HETRE;20.0;25.0;0.0;13.0;1048.9663769531255;0;18.530157625339154;0.014585167672046505
HETRE;20.0;25.0;0.0;13.0;1062.816116828919;0;18.565407116943643;0.015199437351594468
HETRE;20.0;25.0;0.0;13.0;1076.6658567047123;0;18.60065660854813;0.01582890337125813
HETRE;20.0;25.0;0.0;13.0;1090.5155965805056;0;18.635906100152624;0.016473565731037518
HETRE;20.0;25.0;0.0;13.0;1104.365336456299;0;18.671155591757117;0.017133424430932607
HETRE;20.0;25.0;0.0;13.0;1118.2150763320924;0;18.706405083361606;0.017808479470943397
HETRE;20.0;25.0;0.0;13.0;1132.0648162078858;0;18.741654574966095;0.01849873085106991
HETRE;20.0;25.0;0.0;13.0;1145.9145560836791;0;18.776904066570587;0.019204178571312118
HETRE;20.0;25.0;0.0;13.0;1159.7642959594725;0;18.812153558175076;0.019924822631670048
HETRE;20.0;25.0;0.0;13.0;1173.614035835266;0;18.84740304977957;0.02066066303214368
HETRE;20.0;25.0;0.0;13.0;1187.4637757110593;0;18.882652541384058;0.02141169977273303
HETRE;20.0;25.0;0.0;13.0;1201.3135155868526;0;18.91790203298855;0.022177932853438095
HETRE;20.0;25.0;0.0;13.0;1215.163255462646;0;18.95315152459304;0.022959362274258856
HETRE;20.0;25.0;0.0;13.0;1229.0129953384394;0;18.988401016197532;0.023755988035195314
HETRE;20.0;25.0;0.0;13.0;1242.8627352142328;0;19.02365050780202;0.024567810136247502
HETRE;20.0;25.0;0.0;13.0;1256.7124750900261;0;19.058899999406513;0.025394828577415388
HETRE;20.0;25.0;0.0;13.0;1270.5622149658195;0;19.094149491011002;0.026237043358698985
HETRE;20.0;25.0;0.0;13.0;1284.411954841613;0;19.129398982615495;0.027094454480098305
HETRE;20.0;25.0;0.0;13.0;1298.2616947174063;0;19.164648474219984;0.027967061941613303
HETRE;20.0;25.0;0.0;13.0;1312.1114345931996;0;19.199897965824473;0.028854865743244047
HETRE;20.0;25.0;0.0;13.0;1325.961174468993;0;19.235147457428965;0.029757865884990475
HETRE;20.0;25.0;0.0;13.0;1339.8109143447864;0;19.270396949033454;0.030676062366852615
HETRE;20.0;25.0;0.0;13.0;1353.6606542205798;0;19.305646440637947;0.03160945518883049
HETRE;20.0;25.0;0.0;13.0;1367.5103940963731;0;19.340895932242436;0.03255804435092405
HETRE;20.0;25.0;0.0;13.0;1381.3601339721665;0;19.37614542384693;0.03352182985313333
HETRE;20.0;25.0;0.0;13.0;1395.20987384796;0;19.411394915451417;0.0345008116954583
HETRE;20.0;25.0;0.0;13.0;1409.0596137237533;0;19.44664440705591;0.03549498987789898
HETRE;20.0;25.0;0.0;13.0;1422.9093535995466;0;19.4818938986604;0.03650436440045539
HETRE;20.0;25.0;0.0;13.0;1436.75909347534;0;19.51714339026489;0.03752893526312752
HETRE;20.0;25.0;0.0;13.0;1450.6088333511334;0;19.55239288186938;0.03856870246591532
HETRE;20.0;25.0;0.0;13.0;1464.4585732269268;0;19.587642373473873;0.03962366600881884
HETRE;20.0;25.0;0.0;13.0;1478.3083131027201;0;19.622891865078362;0.04069382589183809
HETRE;20.0;25.0;0.0;13.0;1492.1580529785135;0;19.65814135668285;0.04177918211497302
HETRE;20.0;25.0;0.0;13.0;1506.007792854307;0;19.693390848287343;0.0428797346782237
HETRE;20.0;25.0;0.0;13.0;1519.8575327301003;0;19.728640339891836;0.04399548358159008
HETRE;20.0;25.0;0.0;13.0;1533.7072726058936;0;19.763889831496325;0.04512642882507214
HETRE;20.0;25.0;0.0;13.0;1547.557012481687;0;19.799139323100814;0.046272570408669916
HETRE;20.0;25.0;0.0;13.0;1561.4067523574804;0;19.834388814705306;0.04743390833238341
HETRE;20.0;25.0;0.0;13.0;1575.2564922332738;0;19.8696383063098;0.04861044259621262
HETRE;20.0;25.0;0.0;13.0;1589.1062321090672;0;19.904887797914288;0.04980217320015752
HETRE;20.0;25.0;0.0;13.0;1602.9559719848605;0;19.940137289518777;0.05100910014421813
HETRE;20.0;25.0;0.0;13.0;1616.805711860654;0;19.97538678112327;0.052231223428394466
HETRE;20.0;25.0;0.0;13.0;1630.6554517364473;0;20.01063627272776;0.05346854305268653
HETRE;20.0;25.0;0.0;13.0;1644.5051916122407;0;20.04588576433225;0.054721059017094294
HETRE;20.0;25.0;0.0;13.0;1658.354931488034;0;20.08113525593674;0.05598877132161773
HETRE;20.0;25.0;0.0;13.0;1672.2046713638274;0;20.116384747541233;0.05727167996625689
HETRE;20.0;25.0;0.0;13.0;1686.0544112396208;0;20.15163423914572;0.05856978495101175
HETRE;20.0;25.0;0.0;13.0;1699.9041511154142;0;20.186883730750214;0.05988308627588233
HETRE;20.0;25.0;0.0;13.0;1713.7538909912075;0;20.222133222354703;0.06121158394086864
PIN_MARITIME;20.0;25.0;0.0;13.0;457.222995478561;1;13.658921006184444;0.013164527213491645
PIN_MARITIME;20.0;25.0;0.0;13.0;223.392753601074;0;12.16821336538459;0.01808270360039725
PIN_MARITIME;20.0;25.0;0.0;13.0;228.68488483428933;0;12.201951603869597;0.017598786032328756
PIN_MARITIME;20.0;25.0;0.0;13.0;233.97701606750468;0;12.235689842354606;0.0171321250028296
PIN_MARITIME;20.0;25.0;0.0;13.0;239.26914730072002;0;12.269428080839614;0.016682720511899785
PIN_MARITIME;20.0;25.0;0.0;13.0;244.56127853393536;0;12.303166319324621;0.016250572559539277
PIN_MARITIME;20.0;25.0;0.0;13.0;249.8534097671507;0;12.336904557809628;0.01583568114574819
PIN_MARITIME;20.0;25.0;0.0;13.0;255.14554100036605;0;12.370642796294636;0.015438046270526579
PIN_MARITIME;20.0;25.0;0.0;13.0;260.4376722335814;0;12.404381034779643;0.015057667933874242
PIN_MARITIME;20.0;25.0;0.0;13.0;265.72980346679674;0;12.43811927326465;0.014694546135791244
PIN_MARITIME;20.0;25.0;0.0;13.0;271.0219347000121;0;12.471857511749658;0.014348680876277673
PIN_MARITIME;20.0;25.0;0.0;13.0;276.3140659332274;0;12.505595750234665;0.0140200721553334
PIN_MARITIME;20.0;25.0;0.0;13.0;281.60619716644277;0;12.539333988719672;0.013708719972958552
PIN_MARITIME;20.0;25.0;0.0;13.0;286.8983283996581;0;12.573072227204682;0.013414624329152955
PIN_MARITIME;20.0;25.0;0.0;13.0;292.19045963287346;0;12.606810465689689;0.013137785223916834
PIN_MARITIME;20.0;25.0;0.0;13.0;297.4825908660888;0;12.640548704174696;0.012878202657250017
PIN_MARITIME;20.0;25.0;0.0;13.0;302.77472209930414;0;12.674286942659704;0.01263587662915262
PIN_MARITIME;20.0;25.0;0.0;13.0;308.0668533325195;0;12.708025181144711;0.012410807139624513
PIN_MARITIME;20.0;25.0;0.0;13.0;313.35898456573483;0;12.74176341962972;0.01220299418866579
PIN_MARITIME;20.0;25.0;0.0;13.0;318.6511157989502;0;12.775501658114727;0.012012437776276488
PIN_MARITIME;20.0;25.0;0.0;13.0;323.9432470321655;0;12.809239896599735;0.011839137902456507
PIN_MARITIME;20.0;25.0;0.0;13.0;329.23537826538086;0;12.842978135084742;0.011683094567205989
PIN_MARITIME;20.0;25.0;0.0;13.0;334.5275094985962;0;12.87671637356975;0.011544307770524695
PIN_MARITIME;20.0;25.0;0.0;13.0;339.81964073181155;0;12.910454612054757;0.011422777512412738
PIN_MARITIME;20.0;25.0;0.0;13.0;345.1117719650269;0;12.944192850539764;0.011318503792870312
PIN_MARITIME;20.0;25.0;0.0;13.0;350.40390319824223;0;12.977931089024771;0.01123148661189708
PIN_MARITIME;20.0;25.0;0.0;13.0;355.6960344314576;0;13.01166932750978;0.011161725969493287
PIN_MARITIME;20.0;25.0;0.0;13.0;360.9881656646729;0;13.045407565994786;0.011109221865658856
PIN_MARITIME;20.0;25.0;0.0;13.0;366.28029689788826;0;13.079145804479795;0.011073974300393781
PIN_MARITIME;20.0;25.0;0.0;13.0;371.5724281311036;0;13.112884042964803;0.011055983273698071
PIN_MARITIME;20.0;25.0;0.0;13.0;376.86455936431895;0;13.14662228144981;0.011055248785571726
PIN_MARITIME;20.0;25.0;0.0;13.0;382.1566905975343;0;13.180360519934817;0.011071770836014785
PIN_MARITIME;20.0;25.0;0.0;13.0;387.44882183074964;0;13.214098758419826;0.01110554942502713
PIN_MARITIME;20.0;25.0;0.0;13.0;392.740953063965;0;13.247836996904834;0.011156584552608997
PIN_MARITIME;20.0;25.0;0.0;13.0;398.0330842971803;0;13.281575235389841;0.011224876218760036
PIN_MARITIME;20.0;25.0;0.0;13.0;403.32521553039567;0;13.315313473874848;0.011310424423480563
PIN_MARITIME;20.0;25.0;0.0;13.0;408.617346763611;0;13.349051712359856;0.011413229166770511
PIN_MARITIME;20.0;25.0;0.0;13.0;413.90947799682635;0;13.382789950844863;0.011533290448629689
PIN_MARITIME;20.0;25.0;0.0;13.0;419.2016092300417;0;13.41652818932987;0.011670608269058174
PIN_MARITIME;20.0;25.0;0.0;13.0;424.49374046325704;0;13.450266427814878;0.011825182628056171
PIN_MARITIME;20.0;25.0;0.0;13.0;429.7858716964724;0;13.484004666299885;0.011997013525623514
PIN_MARITIME;20.0;25.0;0.0;13.0;435.0780029296877;0;13.517742904784894;0.012186100961760114
PIN_MARITIME;20.0;25.0;0.0;13.0;440.37013416290307;0;13.551481143269902;0.012392444936466162
PIN_MARITIME;20.0;25.0;0.0;13.0;445.6622653961184;0;13.585219381754909;0.012616045449741542
PIN_MARITIME;20.0;25.0;0.0;13.0;450.95439662933376;0;13.618957620239916;0.012856902501586404
PIN_MARITIME;20.0;25.0;0.0;13.0;456.2465278625491;0;13.652695858724924;0.013115016092000512
PIN_MARITIME;20.0;25.0;0.0;13.0;461.53865909576444;0;13.686434097209931;0.013390386220984042
PIN_MARITIME;20.0;25.0;0.0;13.0;466.8307903289798;0;13.72017233569494;0.01368301288853685
PIN_MARITIME;20.0;25.0;0.0;13.0;472.12292156219513;0;13.753910574179947;0.013992896094659073
PIN_MARITIME;20.0;25.0;0.0;13.0;477.4150527954105;0;13.787648812664955;0.014320035839350669
PIN_MARITIME;20.0;25.0;0.0;13.0;482.7071840286258;0;13.821387051149962;0.014664432122611601
PIN_MARITIME;20.0;25.0;0.0;13.0;487.99931526184116;0;13.85512528963497;0.015026084944442013
PIN_MARITIME;20.0;25.0;0.0;13.0;493.2914464950565;0;13.888863528119977;0.015404994304841641
PIN_MARITIME;20.0;25.0;0.0;13.0;498.58357772827185;0;13.922601766604984;0.01580116020381067
PIN_MARITIME;20.0;25.0;0.0;13.0;503.8757089614872;0;13.956340005089992;0.016214582641349114
PIN_MARITIME;20.0;25.0;0.0;13.0;509.16784019470253;0;13.990078243575;0.01664526161745688
PIN_MARITIME;20.0;25.0;0.0;13.0;514.4599714279178;0;14.023816482060006;0.01709319713213384
PIN_MARITIME;20.0;25.0;0.0;13.0;519.7521026611331;0;14.057554720545014;0.017558389185380358
PIN_MARITIME;20.0;25.0;0.0;13.0;525.0442338943484;0;14.09129295903002;0.018040837777196363
PIN_MARITIME;20.0;25.0;0.0;13.0;530.3363651275637;0;14.125031197515028;0.018540542907581486
PIN_MARITIME;20.0;25.0;0.0;13.0;535.628496360779;0;14.158769436000036;0.019057504576536103
PIN_MARITIME;20.0;25.0;0.0;13.0;540.9206275939943;0;14.192507674485043;0.019591722784060114
PIN_MARITIME;20.0;25.0;0.0;13.0;546.2127588272095;0;14.22624591297005;0.020143197530153343
PIN_MARITIME;20.0;25.0;0.0;13.0;551.5048900604248;0;14.259984151455058;0.020711928814815993
PIN_MARITIME;20.0;25.0;0.0;13.0;556.7970212936401;0;14.293722389940065;0.02129791663804801
PIN_MARITIME;20.0;25.0;0.0;13.0;562.0891525268554;0;14.327460628425072;0.021901160999849387
PIN_MARITIME;20.0;25.0;0.0;13.0;567.3812837600707;0;14.36119886691008;0.022521661900220227
PIN_MARITIME;20.0;25.0;0.0;13.0;572.673414993286;0;14.394937105395087;0.023159419339160325
PIN_MARITIME;20.0;25.0;0.0;13.0;577.9655462265013;0;14.428675343880094;0.02381443331666979
PIN_MARITIME;20.0;25.0;0.0;13.0;583.2576774597165;0;14.462413582365102;0.024486703832748806
PIN_MARITIME;20.0;25.0;0.0;13.0;588.5498086929318;0;14.496151820850109;0.025176230887396938
PIN_MARITIME;20.0;25.0;0.0;13.0;593.8419399261471;0;14.529890059335116;0.02588301448061447
PIN_MARITIME;20.0;25.0;0.0;13.0;599.1340711593624;0;14.563628297820124;0.02660705461240141
PIN_MARITIME;20.0;25.0;0.0;13.0;604.4262023925777;0;14.59736653630513;0.027348351282757637
PIN_MARITIME;20.0;25.0;0.0;13.0;609.718333625793;0;14.631104774790137;0.028106904491683446
PIN_MARITIME;20.0;25.0;0.0;13.0;615.0104648590083;0;14.664843013275144;0.028882714239178518
PIN_MARITIME;20.0;25.0;0.0;13.0;620.3025960922236;0;14.698581251760151;0.029675780525242838
PIN_MARITIME;20.0;25.0;0.0;13.0;625.5947273254388;0;14.732319490245159;0.030486103349876746
PIN_MARITIME;20.0;25.0;0.0;13.0;630.8868585586541;0;14.766057728730166;0.031313682713079785
PIN_MARITIME;20.0;25.0;0.0;13.0;636.1789897918694;0;14.799795967215173;0.03215851861485231
PIN_MARITIME;20.0;25.0;0.0;13.0;641.4711210250847;0;14.83353420570018;0.03302061105519409
PIN_MARITIME;20.0;25.0;0.0;13.0;646.7632522583;0;14.867272444185188;0.033899960034105316
PIN_MARITIME;20.0;25.0;0.0;13.0;652.0553834915153;0;14.901010682670195;0.034796565551586056
PIN_MARITIME;20.0;25.0;0.0;13.0;657.3475147247306;0;14.934748921155203;0.03571042760763582
PIN_MARITIME;20.0;25.0;0.0;13.0;662.6396459579458;0;14.968487159640208;0.03664154620225522
PIN_MARITIME;20.0;25.0;0.0;13.0;667.9317771911611;0;15.002225398125216;0.037589921335444025
PIN_MARITIME;20.0;25.0;0.0;13.0;673.2239084243764;0;15.035963636610223;0.03855555300720191
PIN_MARITIME;20.0;25.0;0.0;13.0;678.5160396575917;0;15.06970187509523;0.039538441217529224
PIN_MARITIME;20.0;25.0;0.0;13.0;683.808170890807;0;15.103440113580238;0.04053858596642611
PIN_MARITIME;20.0;25.0;0.0;13.0;689.1003021240223;0;15.137178352065245;0.04155598725389229
PIN_MARITIME;20.0;25.0;0.0;13.0;694.3924333572376;0;15.170916590550252;0.04259064507992771
PIN_MARITIME;20.0;25.0;0.0;13.0;699.6845645904529;0;15.20465482903526;0.04364255944453259
PIN_MARITIME;20.0;25.0;0.0;13.0;704.9766958236681;0;15.238393067520267;0.044711730347706855
PIN_MARITIME;20.0;25.0;0.0;13.0;710.2688270568834;0;15.272131306005274;0.045798157789450344
PIN_MARITIME;20.0;25.0;0.0;13.0;715.5609582900987;0;15.305869544490282;0.046901841769763364
PIN_MARITIME;20.0;25.0;0.0;13.0;720.853089523314;0;15.339607782975289;0.04802278228864564
PIN_MARITIME;20.0;25.0;0.0;13.0;726.1452207565293;0;15.373346021460296;0.04916097934609726
PIN_MARITIME;20.0;25.0;0.0;13.0;731.4373519897446;0;15.407084259945304;0.05031643294211839
PIN_MARITIME;20.0;25.0;0.0;13.0;736.7294832229599;0;15.440822498430311;0.051489143076708786
PIN_MARITIME;20.0;25.0;0.0;13.0;742.0216144561751;0;15.474560736915318;0.05267910974986856
PIN_MARITIME;20.0;25.0;0.0;13.0;747.3137456893904;0;15.508298975400326;0.0538863329615977
PIN_MARITIME;20.0;25.0;0.0;13.0;752.6058769226057;0;15.542037213885333;0.055110812711896315
SAPIN_PECTINE;20.0;25.0;0.0;13.0;708.821514755905;1;14.842127813006329;0.008511874476043908
SAPIN_PECTINE;20.0;25.0;0.0;13.0;329.79634475708;0;14.442925252934618;0.009984839841040035
SAPIN_PECTINE;20.0;25.0;0.0;13.0;341.43409084320064;0;14.455182533977611;0.009743115545877352
SAPIN_PECTINE;20.0;25.0;0.0;13.0;353.07183692932125;0;14.467439815020604;0.009513840185192617
SAPIN_PECTINE;20.0;25.0;0.0;13.0;364.70958301544186;0;14.479697096063598;0.00929701375898586
SAPIN_PECTINE;20.0;25.0;0.0;13.0;376.3473291015625;0;14.491954377106591;0.009092636267257082
SAPIN_PECTINE;20.0;25.0;0.0;13.0;387.9850751876831;0;14.504211658149583;0.008900707710006284
SAPIN_PECTINE;20.0;25.0;0.0;13.0;399.6228212738037;0;14.516468939192576;0.008721228087233492
SAPIN_PECTINE;20.0;25.0;0.0;13.0;411.2605673599243;0;14.52872622023557;0.008554197398938658
SAPIN_PECTINE;20.0;25.0;0.0;13.0;422.89831344604494;0;14.540983501278562;0.008399615645121802
SAPIN_PECTINE;20.0;25.0;0.0;13.0;434.53605953216555;0;14.553240782321556;0.008257482825782918
SAPIN_PECTINE;20.0;25.0;0.0;13.0;446.17380561828617;0;14.565498063364549;0.00812779894092205
SAPIN_PECTINE;20.0;25.0;0.0;13.0;457.8115517044068;0;14.577755344407542;0.008010563990539142
SAPIN_PECTINE;20.0;25.0;0.0;13.0;469.4492977905274;0;14.590012625450536;0.007905777974634218
SAPIN_PECTINE;20.0;25.0;0.0;13.0;481.087043876648;0;14.602269906493529;0.007813440893207258
SAPIN_PECTINE;20.0;25.0;0.0;13.0;492.7247899627686;0;14.614527187536522;0.0077335527462583115
SAPIN_PECTINE;20.0;25.0;0.0;13.0;504.36253604888924;0;14.626784468579515;0.007666113533787297
SAPIN_PECTINE;20.0;25.0;0.0;13.0;516.0002821350098;0;14.639041749622509;0.007611123255794296
SAPIN_PECTINE;20.0;25.0;0.0;13.0;527.6380282211304;0;14.651299030665502;0.007568581912279277
SAPIN_PECTINE;20.0;25.0;0.0;13.0;539.275774307251;0;14.663556311708495;0.0075384895032422315
SAPIN_PECTINE;20.0;25.0;0.0;13.0;550.9135203933716;0;14.675813592751489;0.007520846028683167
SAPIN_PECTINE;20.0;25.0;0.0;13.0;562.5512664794923;0;14.688070873794482;0.007515651488602056
SAPIN_PECTINE;20.0;25.0;0.0;13.0;574.1890125656129;0;14.700328154837475;0.0075229058829989846
SAPIN_PECTINE;20.0;25.0;0.0;13.0;585.8267586517335;0;14.712585435880468;0.0075426092118738445
SAPIN_PECTINE;20.0;25.0;0.0;13.0;597.4645047378541;0;14.724842716923462;0.00757476147522672
SAPIN_PECTINE;20.0;25.0;0.0;13.0;609.1022508239747;0;14.737099997966455;0.007619362673057537
SAPIN_PECTINE;20.0;25.0;0.0;13.0;620.7399969100953;0;14.749357279009448;0.007676412805366363
SAPIN_PECTINE;20.0;25.0;0.0;13.0;632.3777429962159;0;14.761614560052442;0.007745911872153145
SAPIN_PECTINE;20.0;25.0;0.0;13.0;644.0154890823366;0;14.773871841095435;0.007827859873417909
SAPIN_PECTINE;20.0;25.0;0.0;13.0;655.6532351684572;0;14.786129122138426;0.007922256809160708
SAPIN_PECTINE;20.0;25.0;0.0;13.0;667.2909812545778;0;14.798386403181421;0.00802910267938141
SAPIN_PECTINE;20.0;25.0;0.0;13.0;678.9287273406984;0;14.810643684224413;0.008148397484080163
SAPIN_PECTINE;20.0;25.0;0.0;13.0;690.566473426819;0;14.822900965267406;0.008280141223256836
SAPIN_PECTINE;20.0;25.0;0.0;13.0;702.2042195129396;0;14.8351582463104;0.008424333896911489
SAPIN_PECTINE;20.0;25.0;0.0;13.0;713.8419655990602;0;14.847415527353393;0.008580975505044164
SAPIN_PECTINE;20.0;25.0;0.0;13.0;725.4797116851809;0;14.859672808396386;0.008750066047654843
SAPIN_PECTINE;20.0;25.0;0.0;13.0;737.1174577713015;0;14.87193008943938;0.008931605524743452
SAPIN_PECTINE;20.0;25.0;0.0;13.0;748.7552038574221;0;14.884187370482373;0.009125593936310067
SAPIN_PECTINE;20.0;25.0;0.0;13.0;760.3929499435427;0;14.896444651525366;0.00933203128235463
SAPIN_PECTINE;20.0;25.0;0.0;13.0;772.0306960296633;0;14.90870193256836;0.009550917562877181
SAPIN_PECTINE;20.0;25.0;0.0;13.0;783.6684421157839;0;14.920959213611352;0.009782252777877752
SAPIN_PECTINE;20.0;25.0;0.0;13.0;795.3061882019045;0;14.933216494654346;0.010026036927356253
SAPIN_PECTINE;20.0;25.0;0.0;13.0;806.9439342880252;0;14.945473775697339;0.010282270011312775
SAPIN_PECTINE;20.0;25.0;0.0;13.0;818.5816803741458;0;14.957731056740332;0.010550952029747237
SAPIN_PECTINE;20.0;25.0;0.0;13.0;830.2194264602664;0;14.969988337783326;0.010832082982659726
SAPIN_PECTINE;20.0;25.0;0.0;13.0;841.857172546387;0;14.982245618826319;0.011125662870050151
SAPIN_PECTINE;20.0;25.0;0.0;13.0;853.4949186325076;0;14.994502899869312;0.011431691691918593
SAPIN_PECTINE;20.0;25.0;0.0;13.0;865.1326647186282;0;15.006760180912305;0.011750169448264998
SAPIN_PECTINE;20.0;25.0;0.0;13.0;876.7704108047488;0;15.019017461955299;0.012081096139089375
SAPIN_PECTINE;20.0;25.0;0.0;13.0;888.4081568908695;0;15.031274742998292;0.012424471764391746
SAPIN_PECTINE;20.0;25.0;0.0;13.0;900.0459029769901;0;15.043532024041285;0.012780296324172049
SAPIN_PECTINE;20.0;25.0;0.0;13.0;911.6836490631107;0;15.055789305084279;0.013148569818430423
SAPIN_PECTINE;20.0;25.0;0.0;13.0;923.3213951492313;0;15.068046586127272;0.013529292247166688
SAPIN_PECTINE;20.0;25.0;0.0;13.0;934.9591412353519;0;15.080303867170263;0.013922463610381014
SAPIN_PECTINE;20.0;25.0;0.0;13.0;946.5968873214725;0;15.092561148213257;0.014328083908073268
SAPIN_PECTINE;20.0;25.0;0.0;13.0;958.2346334075932;0;15.10481842925625;0.014746153140243494
SAPIN_PECTINE;20.0;25.0;0.0;13.0;969.8723794937138;0;15.117075710299243;0.015176671306891735
SAPIN_PECTINE;20.0;25.0;0.0;13.0;981.5101255798344;0;15.129332991342237;0.015619638408017979
SAPIN_PECTINE;20.0;25.0;0.0;13.0;993.147871665955;0;15.14159027238523;0.016075054443622155
SAPIN_PECTINE;20.0;25.0;0.0;13.0;1004.7856177520756;0;15.153847553428223;0.016542919413704324
SAPIN_PECTINE;20.0;25.0;0.0;13.0;1016.4233638381962;0;15.166104834471216;0.017023233318264497
SAPIN_PECTINE;20.0;25.0;0.0;13.0;1028.0611099243167;0;15.17836211551421;0.017515996157302566
SAPIN_PECTINE;20.0;25.0;0.0;13.0;1039.6988560104373;0;15.190619396557203;0.01802120793081869
SAPIN_PECTINE;20.0;25.0;0.0;13.0;1051.336602096558;0;15.202876677600196;0.018538868638812767
SAPIN_PECTINE;20.0;25.0;0.0;13.0;1062.9743481826786;0;15.21513395864319;0.019068978281284878
SAPIN_PECTINE;20.0;25.0;0.0;13.0;1074.6120942687992;0;15.227391239686183;0.019611536858234902
SAPIN_PECTINE;20.0;25.0;0.0;13.0;1086.2498403549198;0;15.239648520729176;0.020166544369662958
SAPIN_PECTINE;20.0;25.0;0.0;13.0;1097.8875864410404;0;15.25190580177217;0.02073400081556896
SAPIN_PECTINE;20.0;25.0;0.0;13.0;1109.525332527161;0;15.264163082815163;0.021313906195952977
SAPIN_PECTINE;20.0;25.0;0.0;13.0;1121.1630786132816;0;15.276420363858156;0.02190626051081492
SAPIN_PECTINE;20.0;25.0;0.0;13.0;1132.8008246994023;0;15.28867764490115;0.022511063760154902
SAPIN_PECTINE;20.0;25.0;0.0;13.0;1144.4385707855229;0;15.300934925944143;0.023128315943972834
SAPIN_PECTINE;20.0;25.0;0.0;13.0;1156.0763168716435;0;15.313192206987136;0.02375801706226872
SAPIN_PECTINE;20.0;25.0;0.0;13.0;1167.714062957764;0;15.325449488030127;0.024400167115042615
SAPIN_PECTINE;20.0;25.0;0.0;13.0;1179.3518090438847;0;15.337706769073122;0.025054766102294474
SAPIN_PECTINE;20.0;25.0;0.0;13.0;1190.9895551300053;0;15.349964050116114;0.02572181402402437
SAPIN_PECTINE;20.0;25.0;0.0;13.0;1202.627301216126;0;15.362221331159109;0.02640131088023219
SAPIN_PECTINE;20.0;25.0;0.0;13.0;1214.2650473022466;0;15.3744786122021;0.02709325667091802
SAPIN_PECTINE;20.0;25.0;0.0;13.0;1225.9027933883672;0;15.386735893245094;0.027797651396081785
SAPIN_PECTINE;20.0;25.0;0.0;13.0;1237.5405394744878;0;15.398993174288087;0.028514495055723576
SAPIN_PECTINE;20.0;25.0;0.0;13.0;1249.1782855606084;0;15.41125045533108;0.029243787649843363
SAPIN_PECTINE;20.0;25.0;0.0;13.0;1260.816031646729;0;15.423507736374074;0.029985529178441096
SAPIN_PECTINE;20.0;25.0;0.0;13.0;1272.4537777328496;0;15.435765017417067;0.030739719641516797
SAPIN_PECTINE;20.0;25.0;0.0;13.0;1284.0915238189702;0;15.44802229846006;0.031506359039070474
SAPIN_PECTINE;20.0;25.0;0.0;13.0;1295.7292699050909;0;15.460279579503053;0.03228544737110218
SAPIN_PECTINE;20.0;25.0;0.0;13.0;1307.3670159912115;0;15.472536860546047;0.0330769846376118
SAPIN_PECTINE;20.0;25.0;0.0;13.0;1319.004762077332;0;15.48479414158904;0.03388097083859947
SAPIN_PECTINE;20.0;25.0;0.0;13.0;1330.6425081634527;0;15.497051422632033;0.03469740597406509
SAPIN_PECTINE;20.0;25.0;0.0;13.0;1342.2802542495733;0;15.509308703675027;0.03552629004400865
SAPIN_PECTINE;20.0;25.0;0.0;13.0;1353.918000335694;0;15.52156598471802;0.03636762304843029
SAPIN_PECTINE;20.0;25.0;0.0;13.0;1365.5557464218145;0;15.533823265761013;0.037221404987329815
SAPIN_PECTINE;20.0;25.0;0.0;13.0;1377.1934925079352;0;15.546080546804006;0.03808763586070731
SAPIN_PECTINE;20.0;25.0;0.0;13.0;1388.8312385940558;0;15.558337827847;0.038966315668562894
SAPIN_PECTINE;20.0;25.0;0.0;13.0;1400.4689846801764;0;15.570595108889993;0.03985744441089632
SAPIN_PECTINE;20.0;25.0;0.0;13.0;1412.106730766297;0;15.582852389932986;0.04076102208770787
SAPIN_PECTINE;20.0;25.0;0.0;13.0;1423.7444768524176;0;15.59510967097598;0.04167704869899736
SAPIN_PECTINE;20.0;25.0;0.0;13.0;1435.3822229385382;0;15.607366952018973;0.04260552424476476
SAPIN_PECTINE;20.0;25.0;0.0;13.0;1447.0199690246588;0;15.619624233061966;0.043546448725010185
SAPIN_PECTINE;20.0;25.0;0.0;13.0;1458.6577151107795;0;15.631881514104958;0.04449982213973358
SAPIN_PECTINE;20.0;25.0;0.0;13.0;1470.2954611969;0;15.644138795147953;0.04546564448893499
SAPIN_PECTINE;20.0;25.0;0.0;13.0;1481.9332072830207;0;15.656396076190944;0.046443915772614336
