excludedGroup,estimate
0,0.43347238250242
0,-0.3988684114607
0,0.48859632489953
0,-0.4084407909072
0,0.41716305393633
0,0.44957564116402
0,-0.3947839446533
0,0.4061071348274
0,0.38593727355183
0,29.2484829680692
0,0.00056612259166
0,0.00065853023626
0,0.00060025075709
0,-0.0000939113072
0,0.00003880618761
0,-0.1544415606784
0,0.13511484375691
0,0.1397477097158
0,0.13845140375158
0,-0.000479067986
0,0.06139442401495
0,-0.0157378669729
0,-0.02996747261
0,-0.0068536209322
0,-0.0026620120844
0,-0.0007265919514
0,0.01096376297665
0,0.02102933107264
0,-0.0113405975668
0,-0.0125766548403
0,-0.0182258099311
0,0.002400080218
0,-0.0007380410724
0,0.00964180602649
0,0.01436406806962
0,0.01701088278929
0,-0.0154371834338
0,-0.0078818852424
0,0.00184659004684
0,-8.5662431508498
0,-0.0004887063936
0,0.00949691051794
0,0.01221056092249
0,0.00956096787315
0,2.66880855212298
0,-0.0001558638914
0,0.00018362648532
0,0.00011098340788
0,0.00014793644137
0,2.67422963624E-6
0,-0.000015818288
0,-0.0000419135994
0,-0.0000578962907
0,-0.0000429215981
0,4.823837117E-6
0,-0.0024188846081
0,0.00220724760021
0,0.0023693151537
0,0.00181280024023
0,3.73037235016E-6
0,0.00054640381276
0,0.0000447433987
0,-0.000049964214
0,0.00012807667335
0,4.87346101353E-6
0,0.00006144835767
0,-0.0000955549506
0,-0.0007143618208
0,0.0000908640651
0,-0.0001289860003
0,2.57440784428E-6
0,-9.7765417733E-6
0,0.00011408568992
0,-0.0000418367366
0,0.00002608768713
0,1.22854053865E-6
0,3.48047820941E-6
0,0.00001878146642
0,-0.0001666753931
0,8.29345325212E-6
0,-0.0002946432217
0,0.00011136613646
0,-4.9433216141E-7
0,0.00001655365565
0,0.00004236324996
0,0.00009455336892
0,-5.1669751921E-6
0,2.81943711239E-6
0,4.78987494557E-6
0,1.87351621884E-6
0,0.00001456903819
0,-0.0004816437975
0,0.00021431667259
0,0.00066540354648
0,-0.2998936848331
0,8.75172335839E-6
0,0.00008908175484
0,0.0000228535432
0,-0.00014620016
0,0.079612872453
0,2.59038795668E-6
0,0.0000149066859
0,5.37637957781E-6
0,2.64067408824E-6
0,0.00419980026966
0,0.00212088661371
0,0.00196129459286
0,-0.0028123834224
0,0.00305473400929
0,-0.0001169451491
0,0.00016650032262
0,-0.0004190742573
0,0.00115418015753
0,-0.0003728331216
0,-4.8179676437E-6
0,-0.0001096681924
0,-0.0000785308186
0,-0.0000704739415
0,-0.0001575915759
0,0.02682370152308
0,0.00086279241473
0,0.0012386102554
0,0.00054025894005
0,-0.0032504318949
0,-0.0000278908684
0,0.0003315378282
0,-0.0001681742689
0,0.00003796745105
0,0.00139479800874
0,-5.2407640027E-6
0,-0.0000465701014
0,-0.0000433610094
0,-0.000046662962
0,-0.0000258669228
0,0.00083929818589
0,0.00290718871015
0,-0.0002119375648
0,0.00008065086168
0,-0.0004618218346
0,0.00100115005851
0,-4.5247084406E-6
0,-0.0053791872279
0,0.00030724399252
0,0.00043576803171
0,-0.0002538606794
0,0.00001537179862
0,0.00012521472284
0,5.59193142304E-6
0,0.0000246056082
0,-2.3523452871E-6
0,-0.0003942858753
0,-0.0001576091159
0,0.03122751456734
0,-0.0020148486998
0,0.00419530206777
0,0.00316046501221
0,0.00267372920836
0,0.00001999818794
0,0.00065581327441
0,-0.0011445945207
0,-0.0001008134972
0,5.72675160153E-6
0,0.00001612661668
0,0.0000655028204
0,0.00002651316937
0,-3.4559004452E-6
0,6.09289203994E-6
0,0.0003869802213
0,0.00039849677141
0,0.00217138070826
0,0.00993847477356
0,-0.0013111659124
0,0.00170847679608
0,-0.001214132112
0,0.00098033881598
0,0.00001829990396
0,0.0001552199369
0,-0.0001450667133
0,-0.0001017085544
0,-6.5227375183E-6
0,0.00002869173496
0,0.00004349952825
0,5.03498878607E-6
0,0.0000743307121
0,0.00002487328544
0,7.58799035807E-7
0,0.00007291832532
0,0.0005860033324
0,0.00053213895846
0,0.00406398243624
0,-0.0055785293358
0,0.00562130343136
0,0.00510974540502
0,0.17272708027266
0,-0.000011133008
0,0.00096314506511
0,0.00043179888944
0,0.00069586144879
0,-0.0884247425948
0,0.00001075286597
0,0.00022052220509
0,4.61656497953E-6
0,0.00002055658088
0,-0.0061865402231
0,-0.001212698102
0,-0.0000168531914
0,0.00747778402464
0,0.00331905032699
0,0.00057039345323
0,1.23189762064859
0,0.00038015806607
0,-0.0019050799589
0,-0.0019459003902
0,-0.0000113135702
0,0.00002881592235
0,-0.0015317706604
0,-0.0010963702208
0,-0.0011017183289
0,-0.0016051756842
0,-4.2060834941E-6
0,-0.0000261629444
0,0.00002735616457
0,0.00002432680547
0,-0.0000199035446
0,-0.0004266963304
0,-0.0010917591714
0,-0.0007567729665
0,-0.0013527879359
0,-0.0004823359734
0,-0.0011795265912
0,0.00299063796537
0,-0.0018179636515
0,-0.0014823577655
0,0.00142443865285
0,-0.0049871291032
0,0.00013865155365
0,-0.0008580351855
0,-0.0005272799488
0,-0.0014543591847
0,0.00021205856229
0,0.00002020484498
0,0.00008983120135
0,0.00009848233916
0,0.00007990307805
0,0.00016919317795
0,-0.0322704037207
0,-0.0005430732783
0,-0.0002559840137
0,-0.0023550512708
0,-0.0002407520385
0,0.00066258206969
0,0.0012596762608
0,0.09898141083001
1,0.45778591526067
1,-0.4182548009045
1,0.52354778940948
1,-0.4299557040288
1,0.4393900186792
1,0.47249478651992
1,-0.4149798722994
1,0.43175396471523
1,0.40533249132106
1,10.6521163988626
1,0.00069466665581
1,0.00079706470499
1,0.00072749057724
1,-0.0001559476036
1,0.00004941804071
1,-0.1641447707064
1,0.14105321009166
1,0.14668733931048
1,0.1465891712297
1,-0.0005871808766
1,0.06650131865728
1,-0.0187459177247
1,-0.0350521024396
1,-0.0080894802334
1,-0.0031078804797
1,-0.0009039794629
1,0.01320927076839
1,0.02532807838933
1,-0.013404794577
1,-0.0147943334302
1,-0.0199471350161
1,0.00348333026317
1,-0.0009056983623
1,0.01145558988402
1,0.01725388877854
1,0.01975895970037
1,-0.0177759239436
1,-0.0102622253192
1,0.00203710977128
1,-3.0010799909947
1,-0.0005692684028
1,0.01077577103836
1,0.01434670847825
1,0.01081855840266
1,1.03733007240362
1,-0.0001456040616
1,0.00020451551508
1,0.00012044042515
1,0.00014445939787
1,2.96033326364E-6
1,-0.0000192139952
1,-0.0000503577121
1,-0.0000662986248
1,-0.000040785348
1,5.04457196185E-6
1,-0.0025324704443
1,0.00231894928799
1,0.00252252604296
1,0.00184263777504
1,4.62509523184E-6
1,0.00052589755417
1,0.00004558188173
1,-0.0000620004191
1,0.00015422336484
1,4.79566861839E-6
1,0.00006804968839
1,-0.0000526517268
1,-0.0009109899413
1,0.00013149345556
1,-0.0002634179187
1,4.88472045909E-6
1,-0.0000289085249
1,0.00009329691582
1,-0.0000757174832
1,0.00003984480611
1,8.70358649373E-7
1,3.93501626998E-6
1,0.0000282285617
1,-0.0001594290644
1,0.00002060844294
1,-0.0002298494154
1,0.00008369858188
1,1.892536279E-7
1,0.00001509539359
1,0.00003523341028
1,0.00007151086883
1,1.75872073494E-7
1,2.76177874405E-6
1,4.82784100375E-6
1,1.8442922096E-6
1,0.00001400216164
1,-0.0004961755882
1,0.00011561627309
1,0.00069820249117
1,-0.1089763477867
1,9.60791056066E-6
1,0.00008901398155
1,0.00004506997764
1,-0.0001517693429
1,0.02008265541298
1,2.16710501322E-6
1,0.00001631760692
1,8.08909932353E-6
1,3.05625605096E-6
1,0.00226160706542
1,0.00098176512375
1,0.00118337334636
1,-0.0018372754383
1,0.00151277317629
1,-0.0000519003698
1,-0.0001295310914
1,-0.0004960198139
1,0.00049331968353
1,-0.0004426993099
1,3.66250770275E-6
1,-0.0000524997501
1,-0.0000322891313
1,-0.0000267777699
1,-0.0000727100506
1,0.00445197243575
1,0.00082414160145
1,0.0008656848743
1,0.0002462213613
1,-0.0032035526266
1,-0.0000380322552
1,0.000356345237
1,0.00004539728079
1,0.0001851160289
1,0.00140611571378
1,-3.6910909865E-6
1,-0.0000465403054
1,-0.0000485813782
1,-0.0000430242681
1,-0.0000285095863
1,0.00040277675689
1,0.00310251641423
1,-0.0005021298841
1,0.00102545866053
1,-0.0002476574303
1,0.00280687211892
1,-3.3063280943E-6
1,-0.0062175419244
1,0.00011649808542
1,0.00048288992634
1,-0.0009669914805
1,0.00001964453704
1,0.00012823422346
1,6.13871241582E-6
1,0.00002959158831
1,-5.5406369597E-6
1,-0.0003847602174
1,-0.0001825815474
1,0.03453633219201
1,-0.0017578615832
1,0.00484242281939
1,0.00315972740038
1,0.00324755775447
1,0.00003056885846
1,0.00048679217544
1,-0.0015956976967
1,-0.0002206174179
1,-0.0004179904835
1,0.00001792719665
1,0.00006692939817
1,0.00003290698259
1,-1.0872445181E-6
1,9.84763169016E-6
1,-0.0003932504483
1,0.0003756737746
1,0.00248888290804
1,0.01100303667838
1,-0.0011873974795
1,0.00221316885001
1,-0.0009504302686
1,0.00115129595803
1,0.00003393561265
1,0.00003259159147
1,-0.0004181761385
1,-0.000315724793
1,-0.0001488547304
1,0.00003194611956
1,0.00004868325755
1,5.90132415866E-6
1,0.00007293598622
1,0.00002618817296
1,-0.0001112519188
1,0.00008444886525
1,0.00074727561207
1,0.00065410954195
1,0.00413704227246
1,-0.0050227988671
1,0.00588379340008
1,0.0045259703888
1,0.02298935163697
1,-0.0000133294198
1,0.00050674478675
1,0.00029646617679
1,0.00083572247232
1,-0.0213347358701
1,0.00001200916031
1,0.00023304686457
1,-1.8573974797E-6
1,0.00002263090091
1,-0.0020425672008
1,-0.0006300166474
1,0.0000560633585
1,0.00896416548296
1,0.00366450737337
1,0.00069864711774
1,0.38366656099572
1,0.00031954458206
1,-0.0018481591699
1,-0.001867761935
1,-0.0005331083958
1,0.000026573964
1,-0.0015536599628
1,-0.0011432150808
1,-0.0011905099479
1,-0.0015000047277
1,-7.9407517934E-6
1,-0.0000371893506
1,0.00001447652434
1,0.00001814133605
1,-0.0000214040078
1,0.00014667284323
1,-0.0011072010151
1,-0.0009183982962
1,-0.0014920751728
1,-0.0006137253244
1,-0.0014377119519
1,0.00326855661253
1,-0.0000848893804
1,-0.0001705507192
1,-0.0001953044461
1,-0.0006149476546
1,0.00001282663414
1,-0.000190058175
1,-0.0001089216891
1,-0.0001067926201
1,0.00001740126901
1,4.2484226652E-6
1,6.4071077223E-6
1,8.34782851671E-6
1,6.27790787431E-6
1,0.00001025454273
1,0.00083335832375
1,0.00002687304808
1,-0.0000826885301
1,-0.0005059097359
1,-0.0001227479447
1,0.00002187607255
1,0.0002339765024
1,0.00231796918214
2,0.4965107409432
2,-0.4587297434698
2,0.5651109586049
2,-0.4694126334864
2,0.47882644785958
2,0.50832761722374
2,-0.4558914240848
2,0.47092509124459
2,0.44613828090928
2,13.5781615150923
2,0.00069194142235
2,0.00077492098639
2,0.00062774463387
2,-0.0001637146865
2,0.00004690869045
2,-0.1783098121408
2,0.15667083014496
2,0.1619176585474
2,0.16160377194862
2,-0.0005628745107
2,0.07168405042848
2,-0.017778515774
2,-0.0344079569722
2,-0.0072568692271
2,-0.0025573969064
2,-0.0008631489854
2,0.01236486024403
2,0.02386071524433
2,-0.0131081880846
2,-0.0134383709606
2,-0.0178191396232
2,0.00374504598608
2,-0.000843181602
2,0.01077845529781
2,0.01603003740521
2,0.01827915306984
2,-0.0170808305227
2,-0.009642244215
2,0.00232387719341
2,-3.8727460229057
2,-0.0005482028062
2,0.0102670086177
2,0.01354431765659
2,0.01015414471029
2,1.30912581572536
2,-0.00014785885
2,0.00015504240743
2,0.00010161192192
2,0.0001454046958
2,2.38388397889E-6
2,-0.0000132907638
2,-0.0000333578778
2,-0.0000543633718
2,-0.0000369630624
2,5.09139548399E-6
2,-0.0026819986546
2,0.00250539355084
2,0.00264350388661
2,0.00204921769446
2,3.46879853625E-6
2,0.00057790228869
2,0.00004269592462
2,-0.0000418706912
2,0.00014715855994
2,4.53097429539E-6
2,0.00006994351321
2,-0.0000851664131
2,-0.0008971426682
2,0.0000787326038
2,-0.0001982805831
2,2.17153229848E-6
2,-8.8293055023E-6
2,0.00014897295279
2,-0.0000382001279
2,0.00004842133506
2,1.22979868244E-6
2,2.78736369734E-6
2,0.0000209570501
2,-0.0001546127984
2,0.00003868916996
2,-0.0002281186688
2,0.00009549414473
2,-1.6564757873E-7
2,0.00001870738447
2,0.00003230802857
2,0.00007444860676
2,-3.9271103913E-7
2,2.65280301082E-6
2,4.20630099696E-6
2,1.31618960234E-6
2,0.00001240359002
2,-0.0004585136179
2,0.00017699847991
2,0.00063686990435
2,-0.1396500822614
2,8.85825308664E-6
2,0.00008441901164
2,0.0000255507686
2,-0.0001389151527
2,0.02865319003522
2,2.06880036861E-6
2,0.00001452010186
2,5.40033946657E-6
2,2.48706385447E-6
2,0.00266787618068
2,0.00087579150052
2,0.00023155599863
2,-0.0017252959522
2,0.00135682965389
2,-0.0000602903978
2,-0.0000294471345
2,-0.0001200204826
2,0.00055451202966
2,-0.0002728280846
2,3.88275606685E-6
2,-0.0000505239099
2,-0.0000219200015
2,-0.0000260194266
2,-0.0000715766406
2,0.00581563257143
2,0.00089053947469
2,-0.0003367569732
2,0.00048133904722
2,-0.003402725057
2,-0.0000231662814
2,0.00016651147508
2,0.00004749985362
2,-0.0000849292832
2,0.00126190769365
2,-5.0558784768E-7
2,-0.0000397415613
2,-0.0000193858349
2,-0.0000402696811
2,-0.0000182712683
2,0.00048093689339
2,0.00289963271861
2,-0.0023369271071
2,0.00255571222091
2,0.00144808877565
2,0.00422800338618
2,-8.9198369103E-6
2,-0.0059939266876
2,0.00026758697269
2,0.00055252552725
2,-0.0007616868485
2,0.00002036019565
2,0.00013687829671
2,4.51982482286E-6
2,0.00002888832836
2,-8.7497795048E-7
2,-0.000414360003
2,-0.0001841070297
2,0.03656685247426
2,-0.0022080250129
2,0.00302652628132
2,0.00310933814612
2,0.00284179646961
2,0.00001602920324
2,0.00070842789574
2,-0.0009209270738
2,0.00001075842033
2,-0.0000879109933
2,0.00002048324627
2,0.00007023256443
2,0.00005436797404
2,1.17590675044E-6
2,0.0000176869578
2,-0.0004295284847
2,0.00051658009027
2,0.00250575860114
2,0.01153870958437
2,-0.0012310527373
2,0.0017288590561
2,-0.0009561339868
2,0.00117239467878
2,0.00002309536334
2,0.00011107942867
2,-0.000206626421
2,-0.0002607627681
2,-0.000096934945
2,0.00003052575164
2,0.00004454077263
2,5.8179164296E-6
2,0.00007064798215
2,0.00002331940105
2,-0.0000870580262
2,0.00004561202754
2,0.00070679389297
2,0.00063037344662
2,0.00405344285298
2,-0.0052121560892
2,0.00582209774191
2,0.00465559562816
2,0.03061648916875
2,-0.0000176625047
2,0.00079585801435
2,0.00036569349345
2,0.00086140393752
2,-0.0301116209865
2,0.00001160982947
2,0.00021208502533
2,1.08705231197E-6
2,0.00002048135222
2,-0.0023449563963
2,-0.0006488837246
2,0.00010146474388
2,0.00806046523975
2,0.00368389428393
2,0.00065484727874
2,0.47387678255717
2,0.00029597352019
2,-0.0018836652128
2,-0.0017768014686
2,-0.0007346019895
2,0.00002633091555
2,-0.0014639420176
2,-0.0010715029829
2,-0.0011013988378
2,-0.0013214135874
2,-7.5051690445E-6
2,-0.0000335632322
2,0.00002404230514
2,0.00001710500494
2,-0.0000181091537
2,0.00008885297786
2,-0.0010308646668
2,-0.0008814816236
2,-0.0014712912763
2,-0.000522634053
2,-0.0013857662337
2,0.0030384039473
2,-0.0000671849065
2,-0.0002923653408
2,-0.0002470043803
2,-0.0007193202294
2,0.00001794340728
2,-0.0002790849868
2,-0.0001589352935
2,-0.0001744444512
2,-0.0000290224092
2,5.82312667439E-6
2,0.00001062207659
2,0.00001594246371
2,0.00001058856481
2,0.00001432963208
2,0.00130613546547
2,-0.000046053205
2,-0.0000647743881
2,-0.0005979597518
2,-0.0001180387994
2,0.00005466485467
2,0.00030617108782
2,0.00408923340396
3,0.45212577275563
3,-0.4137587604607
3,0.51501912287723
3,-0.4238547867436
3,0.43439629734999
3,0.46600054576842
3,-0.4120713172995
3,0.42755848202046
3,0.40182202255144
3,6.86808337332268
3,0.00067721871649
3,0.00079393612328
3,0.00065169353472
3,-0.0001565280181
3,0.00004600936704
3,-0.161376715572
3,0.13906563634422
3,0.14467566492296
3,0.14503825201858
3,-0.0005616693518
3,0.06481499053423
3,-0.0179289021422
3,-0.0344477041268
3,-0.007612515228
3,-0.0031172280035
3,-0.0008607578728
3,0.01265205211643
3,0.02434915588274
3,-0.0131721860824
3,-0.0144976038841
3,-0.0188773488684
3,0.0036544957215
3,-0.0008487054592
3,0.01100188774922
3,0.01647059731347
3,0.01879746808286
3,-0.0168656172855
3,-0.0096963988419
3,0.00213769039189
3,-1.843035291299
3,-0.0005345339287
3,0.0102157646521
3,0.0135795351985
3,0.01017536588307
3,0.65837796561186
3,-0.0001619191455
3,0.00023218638508
3,0.00011333902099
3,0.00016203368843
3,2.94212680592E-6
3,-0.0000164033569
3,-0.0000564996766
3,-0.0000627346281
3,-0.0000401825893
3,5.24321881294E-6
3,-0.0025311815779
3,0.00236199831301
3,0.00248470086611
3,0.00188683242121
3,4.03419113627E-6
3,0.00055286822933
3,0.00003499697447
3,-0.0000509025735
3,0.00014268658473
3,5.01991010588E-6
3,0.00006448509329
3,-0.000094350212
3,-0.0007419515603
3,0.00009346563972
3,-0.0001811379178
3,2.68977645361E-6
3,-9.1466545742E-6
3,0.00011152148332
3,-0.0000435254752
3,0.00004020278631
3,1.22239024325E-6
3,3.40919775392E-6
3,0.00002053055717
3,-0.0001718401041
3,0.00002743954471
3,-0.0002821722221
3,0.00009578777063
3,9.10566115115E-8
3,0.0000138106406
3,0.00003472029867
3,0.00008366679271
3,-2.8495053053E-6
3,3.03201157455E-6
3,5.08708329909E-6
3,1.75565773869E-6
3,0.00001615173937
3,-0.00044281551
3,0.00009904177475
3,0.00059875029117
3,-0.0730189501043
3,8.11566421179E-6
3,0.00007552878023
3,0.00005231986376
3,-0.0001281223965
3,0.01104738264167
3,2.06085358166E-6
3,0.00001501196886
3,6.11522964009E-6
3,3.08233630504E-6
3,0.00171296959497
3,0.00122252332231
3,0.00125749166604
3,-0.0021016036266
3,0.00268527626721
3,-0.000068854175
3,-0.0000118450178
3,-0.0004282534967
3,0.00068663700004
3,-0.0005813623207
3,1.06514855931E-6
3,-0.0000655206623
3,-0.0000389181733
3,-0.0000381163613
3,-0.0001021729818
3,0.00755710354345
3,0.00073843327128
3,0.00092846085297
3,0.00043679279653
3,-0.0033897834278
3,-0.0000325485461
3,0.00035185450558
3,-0.0000254368758
3,0.0001187585508
3,0.00138560271338
3,-4.0289339231E-6
3,-0.0000434447414
3,-0.0000372141338
3,-0.000043858031
3,-0.0000188602483
3,0.00047361084671
3,0.00296309911599
3,-0.0023314571993
3,0.00287077767894
3,0.00161190992509
3,0.00382819013277
3,-1.0252831892E-6
3,-0.005410819362
3,0.00013588962968
3,0.00044839655426
3,-0.0007216729605
3,0.00002130979158
3,0.00016665005502
3,4.80597380828E-6
3,0.00003100534666
3,0.00001483281778
3,-0.0004709114704
3,-0.0001914247806
3,0.03282025280302
3,-0.0017746669417
3,0.00504440976021
3,0.00305683580031
3,0.00362517636353
3,0.00002707838615
3,0.000542373641
3,-0.0015966447665
3,-0.000150049351
3,-0.0004983672244
3,0.00001766950132
3,0.00006468061424
3,0.00002810983196
3,-6.8540179589E-7
3,6.24461799688E-6
3,-0.0002350234692
3,0.00030385605107
3,0.00225300194755
3,0.01054329574414
3,-0.0015514816121
3,0.00239320306542
3,-0.0013829121533
3,0.00146169676506
3,0.00002403340617
3,0.00015950180117
3,-0.0003083969315
3,-0.00006253101
3,-0.0000847527917
3,0.00003534695016
3,0.00005150597148
3,6.90868372762E-6
3,0.00007980373746
3,0.00002391730496
3,-0.0000825478612
3,7.30957067458E-6
3,0.00072171276051
3,0.00058238744197
3,0.00424807048098
3,-0.0059209535075
3,0.00682806252165
3,0.00561148945624
3,0.03485643813811
3,-0.0000129238289
3,0.00097449094193
3,0.00036669295853
3,0.00083981999343
3,-0.0169999553692
3,0.00001226875291
3,0.0002471392683
3,-2.9302411622E-6
3,0.0000213732613
3,-0.0016977810141
3,-0.0008860078532
3,0.00019023394353
3,0.00833336053868
3,0.00354163094955
3,0.00069630539877
3,0.26544122695109
3,0.00041489243825
3,-0.0027644129457
3,-0.002162604428
3,-0.0009177547841
3,0.00002610039742
3,-0.0016113450521
3,-0.0009678796954
3,-0.0011656409495
3,-0.001426079035
3,-8.0932681828E-6
3,-0.0000362550447
3,0.0000251165194
3,0.00002314140006
3,-0.0000171484084
3,0.00002185796306
3,-0.0010773036792
3,-0.0009373343862
3,-0.0014576504834
3,-0.0005543150794
3,-0.001603649198
3,0.00332040699523
3,-0.0003706752501
3,-0.0000185327586
3,0.00015536836466
3,-0.0012382861102
3,0.00003487840605
3,-0.0003212747609
3,-0.0003153774689
3,-0.0003518349764
3,0.00008756965007
3,0.0000106819895
3,0.00002410582135
3,0.00002576295351
3,0.00001779130068
3,0.00003148850479
3,-0.0003490364339
3,-0.0000437908074
3,-0.0000145554512
3,-0.0005896914302
3,-0.0001296035155
3,0.0002099066293
3,0.00028777141001
3,0.0080224331976
4,0.62886475304919
4,-0.592824531203
4,0.69612198554477
4,-0.6004078583223
4,0.6114959841744
4,0.64187216081783
4,-0.5932276957433
4,0.60857847429375
4,0.58280843046916
4,33.0267176648706
4,0.00071432798883
4,0.00068485392678
4,0.00069019476225
4,-0.0002204753527
4,0.00004813773078
4,-0.2283642412215
4,0.20730255503936
4,0.21074592171181
4,0.21402766628796
4,-0.0005861731569
4,0.09182154550293
4,-0.0177270579802
4,-0.033504309779
4,-0.0079284990847
4,-0.0020884952325
4,-0.0008480146577
4,0.01242071789829
4,0.02373708156225
4,-0.0141364485209
4,-0.012725338845
4,-0.0190247620453
4,0.00473052189754
4,-0.0008916618592
4,0.01162091633542
4,0.01640213050664
4,0.01958523959965
4,-0.0154855152559
4,-0.0103841378322
4,-0.0003512062208
4,-9.6627688453565
4,-0.000548080542
4,0.00958294344564
4,0.0132062383395
4,0.01050621176598
4,3.20535239253824
4,-0.0001372566294
4,0.00019175550757
4,0.00011362929452
4,0.00009251799847
4,2.97034475731E-6
4,-0.0000221032956
4,-0.0000460897414
4,-0.0000677254023
4,-0.0000239726969
4,5.32765262069E-6
4,-0.0032953021004
4,0.00307806548664
4,0.00325664525373
4,0.00261814368951
4,3.46619707046E-6
4,0.0007586383546
4,0.00005853931061
4,-0.0000426661839
4,0.00014483901862
4,4.43819434174E-6
4,0.00009292037903
4,-0.0000576419626
4,-0.0008847987168
4,0.00006770550972
4,-0.0002577991491
4,2.58159971982E-6
4,-0.0000160755939
4,0.00013855132715
4,-0.0000390229254
4,0.00005864369535
4,6.76171933795E-7
4,2.77722004158E-6
4,0.00002106194195
4,-0.0001634297244
4,0.00001521362253
4,-0.0002312512608
4,0.00007707340633
4,-1.4816220817E-7
4,0.00001879528663
4,0.00004448098643
4,0.00007575301044
4,9.729751548E-6
4,2.79717672431E-6
4,4.96783647318E-6
4,1.40858683878E-6
4,0.00001426179365
4,-0.0003408399595
4,8.77768218555E-6
4,0.00050710094898
4,-0.3292976215601
4,8.20722818955E-6
4,0.00003841401947
4,0.00004861336872
4,-0.0001256474799
4,0.07469012025938
4,2.17216488834E-6
4,0.00001468177269
4,6.02691913338E-6
4,2.78088860193E-6
4,0.00558776079136
4,0.00091258126761
4,0.00131324663605
4,-0.0018133081144
4,0.00124873170272
4,-0.0000621774772
4,3.24795455231E-6
4,-0.000424473123
4,0.00064535055414
4,-0.0002317386445
4,9.06609074065E-7
4,-0.0000559507114
4,-0.0000321465388
4,-0.00003119746
4,-0.0000683918489
4,0.00514838596293
4,0.00119762029411
4,0.00133341431331
4,0.000123950938
4,-0.0020151313389
4,-0.000031268469
4,0.00019903433177
4,-0.0003294547989
4,0.00005039924428
4,0.00084529242385
4,-6.1254202291E-6
4,-0.0000489927785
4,-0.0000427570126
4,-0.0000450541227
4,-0.000044263994
4,0.00047845356887
4,0.00306447080013
4,0.00434429680275
4,-0.0052092800555
4,-0.0053585253504
4,-0.0049036300143
4,-5.8649249811E-6
4,-0.0117501077035
4,0.0005067135039
4,0.00044291091632
4,-0.0002747953802
4,0.00002019458673
4,0.00014023350621
4,0.00001161786785
4,0.00003455628926
4,0.0000620552312
4,-0.0002704022412
4,-0.0003566973249
4,0.05119996477993
4,-0.0028767342608
4,0.00457387249755
4,0.00388787689633
4,0.00304468832329
4,0.00002088071118
4,0.00095678877193
4,-0.0011957891528
4,-0.0000374968033
4,-0.000107498936
4,0.00001829988095
4,0.00008694524773
4,0.00004810011297
4,1.53111656129E-6
4,0.000036687034
4,-0.0003107390927
4,0.00018848558918
4,0.00226088976345
4,0.01112890768318
4,-0.0012811033781
4,0.00198429540852
4,-0.0009354119797
4,0.00080123753025
4,0.00002844377559
4,0.00008416754708
4,-0.0002724488586
4,-0.0003113804258
4,-0.0000181711429
4,0.00003183309219
4,0.00004717696107
4,3.83233369307E-6
4,0.00007483563228
4,0.00002723896278
4,-0.0000792028798
4,-0.0000211316093
4,0.0007344307824
4,0.00061969382686
4,0.00411265478743
4,-0.0056635232451
4,0.00444249318793
4,0.005339858427
4,0.50941386080829
4,-0.000012685491
4,0.00094436278757
4,0.00099302911629
4,0.00077565714528
4,-0.2756190749034
4,0.00001190076189
4,0.0003044489901
4,8.71165716823E-6
4,0.0000232817628
4,-0.0095618635348
4,-0.0005113264182
4,0.000109854479
4,0.00693354701778
4,0.00436725888724
4,0.00072101998003
4,1.83546275525162
4,0.00071150274617
4,-0.0022795961581
4,-0.0021154013606
4,-0.0005429218125
4,0.00002995518014
4,-0.0016914666818
4,-0.0011495541579
4,-0.0011588648505
4,-0.0014160260511
4,-9.7927377042E-6
4,-0.0000303297643
4,0.00002561479276
4,0.0000176973576
4,-0.0000241563176
4,0.0000409160025
4,-0.0010566984145
4,-0.00064277522
4,-0.0014145149852
4,-0.0005393889389
4,-0.0014962103815
4,0.00310344242921
4,0.00006358498729
4,-0.0002881158473
4,-0.0002815426414
4,-0.0010454226174
4,0.00001524423494
4,-0.0002067911125
4,-0.0001381592538
4,-0.0001310852919
4,0.00010405778553
4,4.10377050662E-6
4,2.14087203271E-6
4,0.00001251081823
4,6.13981254072E-6
4,0.00001600757892
4,0.00047981755658
4,0.0000120108068
4,-0.0002402817668
4,-0.0005530075594
4,-0.0000950289965
4,-0.0003118603387
4,0.0002090276682
4,0.00309717553362
5,0.60637575187601
5,-0.5531893205846
5,0.70238130367758
5,-0.5782371754847
5,0.57809111426293
5,0.6268261200271
5,-0.4328732078168
5,0.46675952684189
5,0.41304394182923
5,26.0081914493467
5,0.0005687986518
5,0.00095602137828
5,0.00093586544789
5,-0.0003457021077
5,0.00005201942259
5,-0.2123596263349
5,0.18429004623537
5,0.1952004463111
5,0.14804977723347
5,-0.000564528825
5,0.08688883764119
5,-0.0216267994559
5,-0.0482529262219
5,-0.0066963512857
5,-0.0113096838972
5,-0.0009321259657
5,0.01462668862101
5,0.03034424875137
5,-0.0110553872591
5,-0.0189264140455
5,-0.024656046561
5,0.00581904373464
5,-0.0009660775639
5,0.01107481117117
5,0.01829172086893
5,0.0212368399506
5,-0.0538657102256
5,0.01620164055492
5,0.0405308132648
5,-7.4438225239508
5,-0.0005087872601
5,0.02434012022259
5,0.0182163669753
5,0.01021098985313
5,2.42379816042007
5,-0.0002594798713
5,0.00028846815774
5,0.0002166631965
5,0.000179230783
5,3.20849017924E-6
5,-6.200845555E-6
5,-0.0000476133336
5,-0.0000717305899
5,-0.0000174740173
5,5.93062330052E-6
5,-0.0040629783293
5,0.00361883406956
5,0.00396889861983
5,0.00149644239241
5,5.04733808073E-6
5,0.00063330023072
5,0.00011246657059
5,-0.0000667830882
5,0.00066744673885
5,7.39016023348E-6
5,0.00012148196623
5,-0.0002121766771
5,-0.001326218902
5,0.00021316381406
5,-0.0001956860801
5,3.42933026721E-6
5,0.00002025942756
5,0.00025385068882
5,-0.0000510733468
5,0.00006990359602
5,1.27422837469E-6
5,5.4817175993E-6
5,0.00003163876954
5,-0.0002426387382
5,0.00003657980686
5,-0.0002261808163
5,0.0001390201422
5,2.44810761302E-7
5,0.00002041883891
5,0.00005406645634
5,0.00008066494455
5,-6.3063248856E-6
5,3.28130047774E-6
5,7.44854932602E-6
5,2.28307679667E-6
5,0.00001618626014
5,-0.0023906514451
5,0.00153438581431
5,0.00273686620296
5,-0.2984137618042
5,0.00001475140683
5,0.0007384226756
5,0.00020440540148
5,-0.0002411782796
5,0.06735209959354
5,2.59357984874E-6
5,0.0000445424492
5,8.84513253367E-6
5,4.64543143615E-6
5,0.00537304157877
5,0.00163985343833
5,0.00197254774531
5,-0.0023289201422
5,0.00300319535401
5,-0.0000623646588
5,-0.0002328296441
5,-0.0008971352705
5,0.00055472493607
5,-0.0009428043569
5,4.68141570586E-6
5,-0.0000688575447
5,-0.0000429745414
5,-0.0000382639726
5,-0.0001139913668
5,0.0055101371527
5,0.00093082972311
5,0.00221717093367
5,0.0009318706639
5,-0.0068820504279
5,-0.0000456642204
5,0.00066369157134
5,-0.0002499528756
5,0.00022029592457
5,0.00266923948691
5,-6.186877007E-6
5,-0.0000678811036
5,-0.0000548064421
5,-0.0000671862015
5,0.0000157648402
5,0.0006054102948
5,0.00418865517427
5,0.01105764711918
5,-0.0107849437891
5,-0.0126938823948
5,0.00349505314002
5,-0.0000110207684
5,-0.014523078725
5,0.0002271253321
5,0.00086710657366
5,-0.004837138276
5,0.00002917445792
5,0.00033720484428
5,8.48304772969E-6
5,0.0000480448672
5,-0.0001716211459
5,-0.0006654031273
5,-0.0002478968583
5,0.0539878901709
5,-0.003167741411
5,0.00437491469014
5,0.00436191025476
5,0.00530044392711
5,0.00001894422433
5,0.00084118937814
5,-0.0014693835327
5,0.00004278417169
5,-0.000041159189
5,0.00002702875409
5,0.00008525876255
5,0.00007443626817
5,-7.5331037083E-6
5,-0.0000499799902
5,-0.0003111578275
5,0.00052022833876
5,0.00431670627511
5,0.01724591109553
5,-0.002317982332
5,0.00251385350536
5,-0.000190647811
5,0.00052625385205
5,0.00003015888195
5,0.00029461934431
5,-0.0001224618642
5,-0.0002536794271
5,0.00050730209669
5,0.00003625328316
5,0.00007064015468
5,9.6502069769E-6
5,0.00008984492559
5,0.00003843751236
5,-0.0001095267472
5,-0.0000652395045
5,0.00121428874452
5,0.00091387575228
5,0.00461898084433
5,-0.0060219732001
5,0.00663301808041
5,0.00489770105914
5,0.17330218451086
5,-4.3464901787E-6
5,-0.0014828925324
5,0.00009108824609
5,0.00086639868095
5,-0.0874890324925
5,0.00002671054524
5,0.00039740603656
5,0.00001242574947
5,0.00003837851838
5,-0.0021932901082
5,-0.0010441911989
5,-0.0004835392833
5,0.0190508096861
5,0.00498758978958
5,0.00106337310669
5,0.50322643921813
5,0.00021861115693
5,-0.0011492320667
5,-0.0021058141127
5,0.0042587053515
5,0.00004165359555
5,-0.0017499828047
5,-0.0017045466882
5,-0.0014790840106
5,-0.0035637811169
5,-0.0000113053187
5,-0.0000376436096
5,0.00002951775079
5,0.00003348612136
5,-0.0000433325596
5,-0.0000190897594
5,-0.0016851212634
5,-0.001279603309
5,-0.0019949017042
5,-0.0007041926827
5,-0.0015106766877
5,0.00404140309928
5,0.00004649747903
5,0.00017439759245
5,-0.0003577233622
5,0.00060978065289
5,0.00002291842856
5,-0.0004002775529
5,-0.000341467971
5,-0.0001897638583
5,-0.0005083108121
5,6.77947158136E-6
5,0.00001403036568
5,0.00001115016978
5,8.88337737684E-6
5,-9.828072496E-7
5,0.00029432872484
5,-0.0000117315176
5,0.00001184650615
5,-0.0007552975518
5,-0.00014668099
5,0.00036021932616
5,0.00027593896708
5,0.0041298937018
6,0.42507675503786
6,-0.3887243874946
6,0.48774860797416
6,-0.3994280679908
6,0.40899798352987
6,0.44290499770842
6,-0.3837194745767
6,0.39881578289837
6,0.37395683151298
6,9.38612385244775
6,0.00061554092453
6,0.00073432977709
6,0.00074268155664
6,-0.0001641872598
6,0.00004592730787
6,-0.1517575493044
6,0.13087105169112
6,0.13555395066067
6,0.13539508388386
6,-0.0005401354364
6,0.06138666797444
6,-0.0165438551022
6,-0.0335934449898
6,-0.0082793552787
6,-0.0031754673546
6,-0.0008188327688
6,0.0119086681486
6,0.02322526476908
6,-0.0118302929362
6,-0.0139782637343
6,-0.0205311673714
6,0.00347907767961
6,-0.0008555327585
6,0.01060883598218
6,0.01584102696446
6,0.01894843630818
6,-0.016491488464
6,-0.0090118186593
6,0.00193910871542
6,-2.6331565176475
6,-0.0005193133643
6,0.01001036675806
6,0.01307607368021
6,0.00998135036151
6,0.90246724304059
6,-0.0001739002045
6,0.0002076651698
6,0.00014366306134
6,0.0001608397988
6,2.89500489918E-6
6,-0.0000189113306
6,-0.0000477729555
6,-0.0000673257309
6,-0.0000413523801
6,5.55706780817E-6
6,-0.0024720814735
6,0.00225987052196
6,0.00246940513272
6,0.00179753904833
6,4.59462500491E-6
6,0.000528438745
6,0.0000402595525
6,-0.0000705534369
6,0.00014342360489
6,5.33468306413E-6
6,0.00006362637289
6,-0.0001028277536
6,-0.0007814482495
6,0.00012121426638
6,-0.0001817382306
6,3.00371677148E-6
6,-7.5773935358E-6
6,0.00012906555729
6,-0.0000495660684
6,0.00004233100775
6,1.25705941866E-6
6,3.6685413951E-6
6,0.00002008000099
6,-0.0001485590342
6,-9.8932952727E-6
6,-0.0002604003493
6,0.00007349474424
6,-6.539360006E-7
6,0.0000179408423
6,0.00004842498484
6,0.00008696902995
6,7.01145391685E-6
6,2.43680399027E-6
6,4.37218834381E-6
6,1.5620154675E-6
6,0.00001497205226
6,-0.0004926082151
6,0.00013751477764
6,0.00070955668045
6,-0.0968526036624
6,9.62769422979E-6
6,0.00008180432891
6,0.00004254173369
6,-0.0001615489006
6,0.01847715014977
6,2.34041328486E-6
6,0.00001572200423
6,6.38873016478E-6
6,2.59866554042E-6
6,0.00196315330834
6,0.00086700135036
6,0.00107198337155
6,-0.0018166323784
6,0.00185104627596
6,-0.0000584068247
6,1.2791856593E-7
6,-0.0003438078352
6,0.00062102649055
6,-0.000405638758
6,4.54428371E-6
6,-0.0000525393654
6,-0.0000304822386
6,-0.0000286265708
6,-0.0000760046637
6,0.00520419821325
6,0.00084797573422
6,0.00114650990254
6,0.0002872329904
6,-0.0030309383609
6,-0.0000287163153
6,0.00025991999553
6,-0.0002138564567
6,0.00006564377816
6,0.00123099229668
6,-3.4256961446E-6
6,-0.0000444805533
6,-0.0000384405564
6,-0.0000413924307
6,-0.0000259182529
6,0.00041062788899
6,0.00293356480076
6,0.00008836234388
6,0.00040065373659
6,-0.0005685905951
6,0.00138599194694
6,-2.3143091945E-7
6,-0.0060094866845
6,0.00007030840606
6,0.00032429745564
6,-0.0007208291734
6,0.00002049004962
6,0.00013764295721
6,5.4345558059E-6
6,0.00002656639134
6,6.65783702821E-6
6,-0.0004073847522
6,-0.000191131625
6,0.03205121661791
6,-0.0025354798048
6,0.00657511024374
6,0.00353637417268
6,0.00352042153392
6,0.00001494117283
6,0.00074401731606
6,-0.0018590308141
6,-0.0000386899526
6,-0.0002511278803
6,0.00001519064326
6,0.00007296538452
6,0.00002399222871
6,-1.2099785726E-6
6,6.91135102711E-6
6,-0.0003516637176
6,0.00046281962518
6,0.00277828403517
6,0.01268469971812
6,-0.0010413185267
6,0.00156006613706
6,-0.0010250170168
6,0.0010095061191
6,0.00002013135161
6,0.00014136924112
6,-0.0001298076721
6,-0.0001902756264
6,-0.0000125353852
6,0.000024127072
6,0.0000417747474
6,5.14596674905E-6
6,0.00007217867201
6,0.00002138674054
6,-0.0000942957099
6,-0.0000240691868
6,0.00066856915718
6,0.00059421843263
6,0.00412816856827
6,-0.0056014286712
6,0.0066155419867
6,0.00541227155634
6,0.03435344677339
6,-0.000012147646
6,0.00081516943302
6,0.00019352467357
6,0.00070497321682
6,-0.022348966445
6,0.0000104986983
6,0.00023389542083
6,-1.3072095303E-6
6,0.00001855655978
6,-0.0019662624802
6,-0.0007021321399
6,0.00007668571221
6,0.00845841306462
6,0.00424996635286
6,0.00064323079461
6,0.34421709420655
6,0.00020801149643
6,-0.0017032640993
6,-0.001871156703
6,-0.0004806226075
6,0.00002787075312
6,-0.0014917626128
6,-0.0011216663077
6,-0.0010879899782
6,-0.001449298329
6,-3.8175723603E-6
6,-0.0000300527661
6,0.00002251929651
6,0.00002018159272
6,-0.0000144086523
6,0.0000328993772
6,-0.0010133306172
6,-0.000831949336
6,-0.0013212888206
6,-0.0005876353135
6,-0.001387677293
6,0.00308323151374
6,-0.0001531575718
6,-0.0001213803971
6,-0.0000365646575
6,-0.0006493830111
6,0.00002037364609
6,-0.0002282419269
6,-0.0001892586609
6,-0.0002059920368
6,-0.0000137771561
6,6.07796663794E-6
6,0.00001094771434
6,0.00001483643628
6,8.07780559185E-6
6,0.00001560438413
6,0.00052047038347
6,0.00001242952712
6,-0.0000665583272
6,-0.0004631792294
6,-0.0000727154139
6,0.00006154324075
6,0.00022094177038
6,0.00328186007255
7,0.47030536013075
7,-0.4343937149483
7,0.52916016578983
7,-0.443036943679
7,0.45256752812564
7,0.48479260194585
7,-0.4327900402674
7,0.4472598423844
7,0.42231697309587
7,7.2144527249336
7,0.00063756937753
7,0.00069226678235
7,0.00065545999785
7,-0.0001692639156
7,0.00004386802006
7,-0.1686403424579
7,0.14803743454884
7,0.15247093877098
7,0.15347105877236
7,-0.0005312520224
7,0.06774375737189
7,-0.0167529998411
7,-0.0316063918704
7,-0.0073765498892
7,-0.0026349358182
7,-0.0007940479864
7,0.01174611365427
7,0.02239846560331
7,-0.0126489016271
7,-0.0128578753084
7,-0.0188625543261
7,0.00393703446811
7,-0.0008167989363
7,0.01051492842552
7,0.0153897198337
7,0.01826517834626
7,-0.0156977979772
7,-0.0089247030863
7,0.00164164360921
7,-1.9563734206821
7,-0.0004986440095
7,0.00953274901662
7,0.01256346898269
7,0.00958395675402
7,0.69756663394304
7,-0.0001535884262
7,0.00019606217846
7,0.00009956496615
7,0.00014696174367
7,2.64320452541E-6
7,-0.00001620296
7,-0.0000440627612
7,-0.0000557388642
7,-0.0000355383286
7,5.12496604228E-6
7,-0.0024855836237
7,0.00229324472824
7,0.00244688749778
7,0.00186518302882
7,3.9582233229E-6
7,0.00052710742075
7,0.00004300156005
7,-0.0000506362859
7,0.00013789172216
7,4.82488671788E-6
7,0.00006637835862
7,-0.0000866890898
7,-0.0007781884435
7,0.00008628336751
7,-0.0001923660793
7,2.43741772054E-6
7,-6.5562735686E-6
7,0.00012736418474
7,-0.0000373147313
7,0.00004449760223
7,9.28463691551E-7
7,3.12032486373E-6
7,0.00001968342453
7,-0.0001743789492
7,0.00002757507345
7,-0.0002636988716
7,0.00010042495061
7,-3.5892170051E-7
7,0.00002102209444
7,0.00004103161051
7,0.00008815756736
7,3.03602005206E-6
7,2.99038609326E-6
7,4.68124236575E-6
7,1.59496772441E-6
7,0.00001406139474
7,-0.0004231707275
7,0.00006372486773
7,0.00058163723347
7,-0.0747940201494
7,7.97124507439E-6
7,0.00007127994652
7,0.00005615589069
7,-0.0001275987247
7,0.01159025392776
7,1.95680802371E-6
7,0.00001444011808
7,6.02363602069E-6
7,2.70614339829E-6
7,0.00173454091359
7,0.0008598022237
7,0.00097893610852
7,-0.0017593062318
7,0.00167743518527
7,-0.0000563221678
7,-0.0000245390302
7,-0.0003368958202
7,0.00057176711654
7,-0.0003960393156
7,2.59623305025E-6
7,-0.0000507750024
7,-0.000029385274
7,-0.0000256457346
7,-0.0000718081169
7,0.00526278255743
7,0.00087313107732
7,0.00098412431125
7,0.00029999445257
7,-0.0030384971359
7,-0.0000291506677
7,0.00026286653279
7,-0.000140045662
7,0.0000674555021
7,0.00122243149929
7,-3.1910130788E-6
7,-0.0000427932917
7,-0.0000377436782
7,-0.0000405056535
7,-0.000023699361
7,0.00041122383772
7,0.00285754979421
7,-0.0001262735265
7,0.00047300915664
7,-0.0005013921691
7,0.00211285954016
7,-2.0923215928E-6
7,-0.0065183397966
7,0.00015727990411
7,0.00041140884663
7,-0.0008544305254
7,0.00001963001626
7,0.00013982427623
7,5.19780438864E-6
7,0.00002537670788
7,1.6243442542E-6
7,-0.000351492595
7,-0.0002186364211
7,0.03505399081075
7,-0.0017606039779
7,0.00439485743995
7,0.00292694725118
7,0.00333109858197
7,0.00002064822425
7,0.00057746006159
7,-0.0013441802344
7,-0.0000699691807
7,-0.0003675264159
7,0.0000179769637
7,0.00006418412482
7,0.0000319008627
7,-2.0961650078E-6
7,7.31870015193E-6
7,-0.0002822037743
7,0.00032663298796
7,0.00228189788448
7,0.01039343491869
7,-0.0010904279108
7,0.00184501035489
7,-0.0008724457351
7,0.00110284672179
7,0.00002323082799
7,0.0001219334934
7,-0.0002439314377
7,-0.0002467559474
7,-0.0000594575365
7,0.00002609721026
7,0.00004072412999
7,2.96368347581E-6
7,0.000066992413
7,0.00001923848986
7,-0.0000695187944
7,0.00004884029399
7,0.0006321821413
7,0.00057942939972
7,0.0040392125165
7,-0.0046901152522
7,0.00540128286679
7,0.00435614687266
7,0.02824882407592
7,-0.0000133887295
7,0.00051924378435
7,0.00034301264427
7,0.00078322894522
7,-0.0156894579858
7,0.00001137034118
7,0.00023111233928
7,-1.21935328E-6
7,0.00001859184122
7,-0.0017266136616
7,-0.0006526611183
7,0.00009105460193
7,0.00838152822798
7,0.00354061782495
7,0.00064691356989
7,0.26513034872553
7,0.00025518688401
7,-0.0019216411254
7,-0.0018496172792
7,-0.0007692851491
7,0.00002694699524
7,-0.0014770071513
7,-0.0010645669274
7,-0.0010905186477
7,-0.00135073161
7,-6.4653505591E-6
7,-0.0000320152391
7,0.00002447271381
7,0.00001954060492
7,-0.0000125003372
7,0.00008369316465
7,-0.001028793431
7,-0.000848008807
7,-0.0014567999023
7,-0.0005615804745
7,-0.0014346427201
7,0.00306649875841
7,-0.0001486746827
7,-0.0001878636705
7,-0.0001579937967
7,-0.0006443417696
7,0.00001678296072
7,-0.0002191921708
7,-0.0001446226745
7,-0.0001494805743
7,0.00002216918202
7,6.05283655574E-6
7,0.00001137310347
7,0.00001466202422
7,0.00001037582474
7,0.00001329948657
7,0.00077031102068
7,-0.0000351781937
7,-0.0000181959518
7,-0.0004209722768
7,-0.000080656591
7,0.00006730139626
7,0.00023383921378
7,0.00302613946747
8,0.44075396566042
8,-0.4090616690602
8,0.50204720143637
8,-0.4129354801035
8,0.42507284230253
8,0.45618421691561
8,-0.4055012046854
8,0.41556836646546
8,0.39442013655655
8,6.64174004764156
8,0.00068062281664
8,0.00053634296686
8,0.00052000765007
8,-0.0002282715279
8,0.0000376456784
8,-0.1568456460219
8,0.13791332956464
8,0.14040187630356
8,0.14233065341356
8,-0.0005144565244
8,0.06270986122927
8,-0.0162001102706
8,-0.0290227953096
8,-0.0073669079502
8,-0.0004938118212
8,-0.000720116642
8,0.01129813802631
8,0.02096096554841
8,-0.0141555081098
8,-0.0107416169352
8,-0.0175049079187
8,0.00546649576147
8,-0.000753043538
8,0.01087165067254
8,0.01497561720188
8,0.0181790874758
8,-0.0154608175048
8,-0.0061980746903
8,0.00178048895712
8,-1.8136368528272
8,-0.0004583980834
8,0.0093664493242
8,0.01145247198572
8,0.00938534822247
8,0.62689359824874
8,-0.0001238712729
8,0.0002111460528
8,0.00006625669249
8,0.00010675878978
8,3.33214095793E-6
8,-0.0000229731363
8,-0.000051168869
8,-0.0000728452952
8,-0.0000444595677
8,7.60109157524E-6
8,-0.0022778758164
8,0.00216575433706
8,0.00224998738821
8,0.00167665589792
8,2.97468828081E-6
8,0.00050095014338
8,0.00003101757719
8,-0.0000401544774
8,0.00013581981051
8,4.91307142021E-6
8,0.0000588017483
8,-0.0000342509002
8,-0.0008088944557
8,0.00007248003966
8,-0.0001582089194
8,2.59816029448E-6
8,-0.0000171671236
8,0.00010889337624
8,-0.0000443460179
8,0.00002052547602
8,1.89903973451E-7
8,2.04109874674E-6
8,0.00002020309428
8,-0.0001119531416
8,0.00005365910417
8,-0.0002715874308
8,0.00007078850394
8,1.25596194608E-6
8,-8.0038866475E-6
8,6.45427377436E-6
8,0.0000445386676
8,-0.0000240809315
8,4.85513058312E-6
8,4.58462655812E-6
8,1.16746202522E-6
8,0.00001672759501
8,-0.0003852666096
8,0.00015473924546
8,0.00051765156223
8,-0.0680355158585
8,6.74416563575E-6
8,0.00007131954787
8,0.00003029904852
8,-0.0001162951352
8,0.0125534848154
8,3.39312007494E-6
8,0.00001417883133
8,4.50912600285E-6
8,3.56797477586E-6
8,0.00142150474543
8,0.00036239297998
8,0.00157072219615
8,-0.0010611111771
8,0.0020096959618
8,-0.0000455259172
8,0.00009324254928
8,-0.000448399631
8,0.00042753657577
8,-0.0003961104622
8,-1.0590817152E-6
8,-0.0000474550973
8,-0.0000294453347
8,-0.0000280362063
8,-0.0000703841086
8,0.00650879446542
8,0.00117275332315
8,0.00099972832528
8,0.0005845367179
8,-0.0037127903749
8,-0.0000197728235
8,0.00001850425428
8,-0.0003197572415
8,-0.0002175121995
8,0.00126543626698
8,-4.4645342687E-6
8,-0.0000374872228
8,-0.0000396915403
8,-0.0000400597382
8,-0.0000224024186
8,0.00046198398514
8,0.00309049957004
8,-0.01312162204
8,0.01357357291909
8,0.0128311153398
8,0.01477700639932
8,-2.2561287153E-6
8,-0.0021707192582
8,0.00028829015274
8,0.00044979736856
8,-0.0007440003336
8,0.00001737322581
8,0.00021080426139
8,2.70980025545E-6
8,0.00002516156263
8,0.00001691947127
8,-0.0003996181425
8,-0.0003796177103
8,0.03533711823319
8,-0.0006398865719
8,0.00225355287463
8,0.00233991211123
8,0.00212866897495
8,0.00003001819003
8,0.00032885517441
8,-0.0010730254315
8,-0.0002774165625
8,-0.0003138032967
8,0.00001985197942
8,0.00004690022494
8,0.00004424567463
8,-1.66894437E-6
8,0.00001284890843
8,-0.0003386253789
8,0.00025903156173
8,0.00166213352339
8,0.00990170421624
8,-0.0004720948886
8,0.0012116103614
8,-0.002799090926
8,0.00037888077856
8,0.00001537207522
8,0.00008004575827
8,-0.0000908723121
8,0.00006224299371
8,0.00004671347492
8,0.00002812848697
8,0.00003091330972
8,-2.5282851576E-6
8,0.00007332231006
8,0.0000204179829
8,-0.0000458218338
8,1.02585876787E-6
8,0.00057262474459
8,0.00048183128294
8,0.00474118143632
8,-0.0068707598806
8,0.00755645980441
8,0.00670071561219
8,0.03029275008101
8,-0.0000103248889
8,0.00142299885664
8,0.00046473699585
8,0.00074167094575
8,-0.0177810342935
8,0.00001864631699
8,0.00022703151677
8,-1.089391013E-6
8,0.00002006193299
8,-0.0013722266387
8,-0.0006751918439
8,0.00006447002143
8,0.00823989267286
8,0.00278220024898
8,0.00064514502327
8,0.26218986395813
8,0.000688581306
8,-0.0022762915532
8,-0.0020975597939
8,-0.0008886958725
8,0.00002917213141
8,-0.0017873060933
8,-0.0012944087808
8,-0.0012165442596
8,-0.0015276646397
8,-0.0000178117954
8,-0.000036897342
8,0.00002662162663
8,0.00001010583175
8,-0.0000249186751
8,0.00012687197426
8,-0.0010352372197
8,-0.0010063819241
8,-0.0015186803974
8,-0.0006154758769
8,-0.0016114177232
8,0.00335265197288
8,-0.0004509242329
8,0.00006864804176
8,0.00020355266293
8,-0.0009474915605
8,0.00001868680297
8,-0.0001010519489
8,-0.0001345017722
8,-0.0001910812567
8,0.00016314171409
8,3.40155913853E-6
8,0.00001210905996
8,0.00001255457837
8,7.61698944672E-6
8,0.0000200318061
8,0.00109600514222
8,0.00009462908297
8,-0.0000169693373
8,-0.000549116134
8,-0.0000279906197
8,0.00023496132598
8,0.00026120078951
8,0.00545280169068
9,0.59434537882429
9,-0.5561648895695
9,0.64607337192792
9,-0.5625020272973
9,0.5725863993324
9,0.61210760852413
9,-0.562498949655
9,0.57248129783128
9,0.54879523363123
9,8.06371842558824
9,0.00066426942556
9,0.00062901911913
9,0.00068903761875
9,-0.0001396837203
9,0.00004262282463
9,-0.2092935530708
9,0.18801763490099
9,0.19109511453011
9,0.1962814215555
9,-0.0005432680702
9,0.08159992400617
9,-0.0179322645121
9,-0.0293799920393
9,-0.0078975978174
9,-0.000740393577
9,-0.0007783077785
9,0.01219525997451
9,0.02207574686211
9,-0.0144816287438
9,-0.0118600796495
9,-0.0213888285834
9,0.00495333034067
9,-0.0008376700932
9,0.01147513943228
9,0.01600713933387
9,0.02001018447354
9,-0.0139769819802
9,-0.0097325074432
9,-0.0011449643612
9,-2.1736107275961
9,-0.0005162661313
9,0.00903377172325
9,0.01234639363663
9,0.01019878328328
9,0.78023230561504
9,-0.0001544133606
9,0.0002036675954
9,0.00009350925252
9,0.00020276572081
9,3.2041594652E-6
9,-0.0000247092469
9,-0.0000496493983
9,-0.0000635629396
9,-0.000059981568
9,5.59948381279E-6
9,-0.0029474134657
9,0.00275039966583
9,0.00288042465029
9,0.0023707422575
9,4.97160077487E-6
9,0.00061088884567
9,0.00003991164432
9,-0.0000601798633
9,0.00010539710121
9,5.92472737849E-6
9,0.00007886306562
9,-0.00009845605
9,-0.0007543362955
9,0.00009631319122
9,-0.0001518079671
9,2.53114644197E-6
9,-5.6014316702E-6
9,0.00012022818688
9,-0.0000396429643
9,0.00003238658021
9,1.0420741794E-6
9,3.42467786997E-6
9,0.00001972474993
9,-0.0002131426207
9,0.00003776089657
9,-0.0003838934576
9,0.00013910429618
9,-7.685596872E-7
9,0.00002977172273
9,0.00005804058273
9,0.00013242662019
9,4.07013792569E-6
9,3.64268589966E-6
9,6.44028745919E-6
9,1.61393826359E-6
9,0.00001979432994
9,-0.0004397020387
9,0.0000901079564
9,0.00058960929408
9,-0.0792928370188
9,7.95775549299E-6
9,0.00006285596017
9,0.00005224154893
9,-0.0001314023814
9,0.01136394150839
9,2.35180447924E-6
9,0.00001708247488
9,5.93154710284E-6
9,3.41355045715E-6
9,0.00191353988184
9,0.00099501665265
9,0.00117205073726
9,-0.0017047826342
9,0.00174749809317
9,-0.0000580941959
9,5.42951060073E-6
9,-0.0004327648702
9,0.00056750296871
9,-0.000408499703
9,5.74311139477E-7
9,-0.0000625566386
9,-0.0000315163065
9,-0.0000371737045
9,-0.0000795005718
9,0.0060855390807
9,0.00172247304186
9,0.000553454693
9,0.00042245874251
9,-0.0048090447127
9,-0.0000246656841
9,0.00001674449977
9,-0.0002947455086
9,-0.0002313040251
9,0.00159698210936
9,-4.0880752506E-6
9,-0.0000568566331
9,-0.0000390627406
9,-0.0000563862458
9,-0.000028787636
9,0.00047985998896
9,0.00331621804246
9,-0.0042148673179
9,0.00444778120668
9,0.00291979360149
9,0.00631216030954
9,-0.0000216100475
9,-0.0048554225859
9,0.00041612513421
9,0.00088266799394
9,-0.0006527526661
9,0.00001345009791
9,0.00005327374929
9,-1.0632011356E-6
9,0.00003295701943
9,-0.0000214421755
9,-0.0003612462642
9,0.00007596785072
9,0.03812356503933
9,-0.0015584619728
9,0.00405755154847
9,0.00276552729742
9,0.00387760245795
9,0.00002283757063
9,0.0004834263791
9,-0.0012985530556
9,-0.0000886165552
9,-0.0006070773974
9,0.00001716787383
9,0.00006559874099
9,0.00003149494028
9,2.39409856643E-6
9,7.34079129942E-6
9,-0.0002183272489
9,0.00046005862076
9,0.00246263135277
9,0.01029583843344
9,-0.0013335971169
9,0.00191828950269
9,-0.0015849522467
9,0.00159639357118
9,0.00002186380036
9,0.0000664180123
9,-0.000224459528
9,-0.0001693585338
9,-0.0002045806988
9,0.00003542175756
9,0.00005178800073
9,4.07947809994E-6
9,0.00008546982222
9,0.0000218344428
9,-0.0000351035397
9,0.00022142567838
9,0.00071463279572
9,0.00058079642861
9,0.00459756487509
9,-0.0032581281041
9,0.00382557169894
9,0.00246166905417
9,-0.0401595209794
9,-0.0000279652245
9,-0.0000330391131
9,0.00049615942429
9,0.0010701946796
9,0.01055486483295
9,3.6443137266E-6
9,0.00021973641415
9,-4.9632292253E-6
9,0.0000278828819
9,-0.0020153179725
9,-0.0007136457719
9,0.00037104096126
9,0.0092109370468
9,0.00344730439987
9,0.00058558379648
9,0.291652693584
9,0.00036522157738
9,-0.0018942247709
9,-0.0017437975066
9,-0.0019626436905
9,0.00003188072633
9,-0.0015954472746
9,-0.001233460761
9,-0.0012736887544
9,-0.0011253841674
9,-7.31606938E-6
9,-0.0000351582529
9,0.00002520881274
9,0.00001704323226
9,-9.4250838012E-6
9,0.00002592126199
9,-0.0012114536874
9,-0.0010273171979
9,-0.0015149667455
9,-0.0005338568193
9,-0.0014026020785
9,0.00326772886927
9,-0.00012766947
9,-0.0001829600227
9,-0.0000995594345
9,-0.0008250482967
9,0.00002174689532
9,-0.0002564160644
9,-0.0001855988866
9,-0.0002171267137
9,0.00004549795808
9,6.24115631908E-6
9,0.0000121908696
9,0.00001558847132
9,9.36283861316E-6
9,0.00001509791693
9,0.00027067804736
9,0.00002090238796
9,-0.0000700380939
9,-0.0005278815922
9,-0.0000763082554
9,0.00005516298593
9,0.0002416218302
9,0.00483560713504
10,0.47565580790638
10,-0.4391859978125
10,0.53515655507159
10,-0.4474595933354
10,0.45788140468285
10,0.49317419596864
10,-0.436869176436
10,0.45084951707453
10,0.42544424993118
10,11.2004557823166
10,0.00066440505541
10,0.00071990667402
10,0.00077045985982
10,-0.0001904699783
10,0.00004818096721
10,-0.1704562772644
10,0.14919419435091
10,0.15295395304617
10,0.15476982181294
10,-0.0005714482555
10,0.06882164962123
10,-0.0171382445844
10,-0.032121946116
10,-0.008556341052
10,-0.0023823096123
10,-0.0008440390613
10,0.01225001830991
10,0.02305560027967
10,-0.0131601794615
10,-0.013429163633
10,-0.0212058797926
10,0.00434198843847
10,-0.0009053935116
10,0.01133515728447
10,0.01640909259898
10,0.02006122173018
10,-0.0162613525673
10,-0.0092256707957
10,0.00087133059205
10,-3.1554578780518
10,-0.0005434403559
10,0.01004916986081
10,0.01318006642377
10,0.01047776524063
10,1.07952788253042
10,-0.0001512730387
10,0.0002003253282
10,0.00011292469711
10,0.00014415942303
10,3.15961639508E-6
10,-0.0000214172083
10,-0.0000495294225
10,-0.000068091136
10,-0.000042260121
10,5.3369281893E-6
10,-0.0025040584077
10,0.00231089292084
10,0.00249069897308
10,0.00185332796671
10,4.78284398353E-6
10,0.00050659074576
10,0.00003783550005
10,-0.0000685235248
10,0.00013806490419
10,4.99212013058E-6
10,0.00006884363923
10,-0.0000842458288
10,-0.0007918511249
10,0.00010262633942
10,-0.0001925943369
10,2.82437153702E-6
10,-9.1838396506E-6
10,0.000126242479
10,-0.0000465403573
10,0.00004254825137
10,9.30766884826E-7
10,3.21231695414E-6
10,0.0000199581419
10,-0.0001807930779
10,0.00002994886604
10,-0.0002944685444
10,0.00010540454184
10,-9.2912837734E-7
10,0.00002604474701
10,0.00004712260815
10,0.0001014875137
10,6.42347321798E-6
10,3.00505376908E-6
10,4.72972733353E-6
10,1.42635391065E-6
10,0.00001514237845
10,-0.0004420179417
10,0.00011795229598
10,0.00066954683877
10,-0.1149201814068
10,0.00001017075381
10,0.00006413770039
10,0.00003119778383
10,-0.0001708744232
10,0.0220032276117
10,2.36648226017E-6
10,0.00001557675317
10,6.06262428805E-6
10,2.63652949291E-6
10,0.0023168874068
10,0.00083977957506
10,0.00099354001442
10,-0.0018102286264
10,0.00162448983679
10,-0.0000584682696
10,9.04347188154E-6
10,-0.0003202368737
10,0.0006311587628
10,-0.0003369710195
10,2.2359915838E-6
10,-0.0000511816833
10,-0.0000283545955
10,-0.0000253274711
10,-0.0000733328231
10,0.0048844254285
10,0.00086590266082
10,0.0009514043258
10,0.00030728802179
10,-0.0031017789204
10,-0.0000297793631
10,0.00025832517352
10,-0.0001459604526
10,0.0000689379923
10,0.00126504736419
10,-3.2974419785E-6
10,-0.0000433121354
10,-0.0000360193153
10,-0.0000417517737
10,-0.0000247813661
10,0.00040423009999
10,0.00288121539888
10,-0.0012826948822
10,0.00149273135024
10,0.0003580736825
10,0.00324665758008
10,-7.6078034084E-6
10,-0.0063073822948
10,0.0002388934743
10,0.00053806105323
10,-0.0008232316143
10,0.00001989332863
10,0.0001437482636
10,4.78026776762E-6
10,0.00002914137315
10,-3.3902871843E-6
10,-0.0003675277276
10,-0.0002079580221
10,0.03619453522562
10,-0.0018552270898
10,0.00408579782863
10,0.00280800042655
10,0.00311916091182
10,0.00001618874143
10,0.00060673253859
10,-0.0012139291519
10,0.00001892145568
10,-0.0002544330584
10,0.0000171807046
10,0.00006358468829
10,0.00003460050084
10,-1.6113961842E-6
10,7.6808547336E-6
10,-0.0002890044422
10,0.00032348213475
10,0.00235419401907
10,0.01039336465072
10,-0.0013510669611
10,0.00182477990072
10,-0.0013761583341
10,0.00113368700745
10,0.00002164988594
10,0.00015109014243
10,-0.0001626733246
10,-0.0000983133249
10,-0.0000333565403
10,0.00003088492046
10,0.00004596936529
10,4.48824204182E-6
10,0.00008183292143
10,0.00002432121641
10,-0.000077042567
10,0.00004218312604
10,0.00068374130906
10,0.00055019265451
10,0.00416661799934
10,-0.0047931776536
10,0.00527688749027
10,0.00405891186248
10,0.02770146639202
10,-0.0000206615814
10,0.0004848586847
10,0.00042368307558
10,0.00093190925802
10,-0.0234346823176
10,0.00001071799124
10,0.00022945776207
10,-1.3132112304E-7
10,0.00002279570181
10,-0.0021835590149
10,-0.0006272346135
10,0.00003608083041
10,0.00877204045404
10,0.00352277266313
10,0.00065465682228
10,0.40047027966425
10,0.00024313059347
10,-0.0016915809325
10,-0.0017910470983
10,-0.0005523922206
10,0.00002893432454
10,-0.0014652845277
10,-0.0011324046508
10,-0.0011093638722
10,-0.0013935238788
10,-6.3456286553E-6
10,-0.0000314803279
10,0.00002317002824
10,0.00002116877648
10,-0.0000164182206
10,0.00006107563287
10,-0.0010196902155
10,-0.0008441253269
10,-0.0014001441228
10,-0.000518761762
10,-0.0013379431103
10,0.003021309533
10,-0.0000811602192
10,-0.0002120052309
10,-0.0001260017311
10,-0.0005438336413
10,0.00001654262886
10,-0.0002186624125
10,-0.0001382979907
10,-0.0001727670222
10,-0.0000318667642
10,5.28839641301E-6
10,8.83058511042E-6
10,0.000012707698
10,8.65105932409E-6
10,0.00001220456665
10,0.00064333491726
10,-5.7039064309E-6
10,-0.000048130328
10,-0.0004241362712
10,-0.0000619029577
10,0.00002020502847
10,0.00021081576766
10,0.00250897800421
