Id;latDeg;longDeg;ser;pred;obs
0;47.657383;-0.656833;A22;13.239751156653577;13.1741584369114
85;48.488498;-1.191758;A13;12.869643325771131;12.8071981838771
170;48.400688;-1.118254;A13;13.18389055061891;12.8523928097316
255;47.531789;-1.274533;A22;13.566510904804488;13.9632611955915
340;48.654887;-1.040074;A13;12.980299531641286;12.5977769579206
425;48.931183;-1.426745;A13;13.365809347860704;13.0329873902457
510;49.289772;-0.848088;B31;12.529436666524035;12.8632147652762
595;43.008985;-0.807733;I21;13.44087294934439;9.77716932977949
680;43.134661;-0.8146;I11;13.277876563771654;14.5698131833758
765;43.138886;-0.667499;I11;13.2879074891378;13.9537822859628
850;43.261905;-1.338459;I21;13.450052732061339;14.8025163922991
935;43.107267;-1.119909;I21;13.065382357056649;13.8489431653704
1020;43.106663;-0.530838;I21;13.049484403501289;12.8427606310163
1105;43.41196;-0.546132;F52;13.042565945047713;15.3071572440011
1190;43.196233;-1.149849;I11;13.341792788568313;14.8970909118652
1275;44.363204;-0.632443;F21;13.236610385487518;15.0700660433088
1360;44.456403;-0.511713;F21;13.34349787789318;15.0828302247184
1445;43.790789;-1.124192;F21;13.19887476907798;15.7836592538016
1530;43.861039;-1.178215;F21;13.140440193551468;15.6862884249006
1615;43.838152;-1.325985;F22;13.162760454388026;15.9213673727853
1700;43.895996;-0.608023;F21;13.177731994494716;16.1258063997541
1785;43.67121;-0.91862;F52;13.39642066214499;16.1754162652152
1870;43.914118;-1.206401;F21;13.28126918170486;15.8176042011806
1955;44.083245;-0.979769;F21;13.257904874523083;15.5706487383161
2040;44.223886;-1.088148;F21;12.92654695195163;15.7312102999006
2125;44.383525;-0.545677;F21;13.28290405384711;14.9680668285915
2210;43.963453;-1.346542;F22;12.841016147448732;15.9261542728969
2295;44.412585;-0.798267;F21;13.206598252121752;15.4576061793736
2380;44.108823;-1.306029;F22;12.92183879687088;15.9241198131016
2465;43.902068;-1.018973;F21;13.417990470297829;15.643486567906
2550;43.813021;-0.988868;F21;13.28780193902648;15.855617250715
2635;43.950442;-1.196208;F21;13.04341351621265;15.7246761322021
2720;45.286138;-1.089999;F21;13.376793963607483;15.3639004571097
2805;44.603171;-1.048306;F21;13.286779942353908;15.790446962629
2890;44.553064;-0.919393;F21;13.239022463219682;15.7604066303798
2975;44.811171;-0.706807;F30;13.515290868817816;15.5788187299456
3060;45.320507;-1.143188;F22;13.699342290008245;15.2812673023769
3145;44.778525;-1.19796;F22;13.32186599284348;15.7466094153268
3230;44.908302;-1.079475;F21;13.239808952541267;15.649489402771
3315;44.508669;-0.577248;F21;13.43138882078285;15.1313449314662
3400;45.494661;-0.731663;F14;13.28568228572081;15.0939737047468
3485;45.440727;-0.72868;F13;13.089571728662934;15.3832675388881
3570;44.984788;-0.931934;F21;13.409503121575424;15.5812823431832
3655;45.788767;-0.503568;F14;12.674450016617541;14.7889900888715
3740;45.894092;-1.231171;F22;13.014396264373255;14.8427117211478
3825;45.556936;-1.068373;F22;13.31019640226434;15.0517341068813
3910;45.680401;-1.153083;F22;13.123543181076316;14.9409950801305
3995;47.010176;-1.252638;A30;13.744641447844216;14.120546068464
4080;47.191319;-0.577959;A30;13.680882696582287;14.1923499788557
4165;46.581599;-1.132805;A30;13.501720282479127;14.281151839665
4250;47.843046;0.482115;B33;12.960588702559109;13.7968363080706
4335;47.820031;0.189049;B61;12.830552431547703;13.8821719033377
4420;48.444504;-0.07994;A13;12.840056366630996;12.7201405252729
4505;47.848507;-0.186373;B61;12.860462753656748;13.8951777730669
4590;47.939817;-0.123781;B61;12.709273913596418;13.7237730026245
4675;47.798729;0.016314;B61;12.897674361731083;13.8019908496312
4760;47.581351;-0.053988;B61;13.111771673663377;13.8433519090925
4845;47.733613;-0.487705;A22;12.94383876147154;13.5426034927368
4930;47.824426;0.442683;B33;13.048600615808558;13.5201565197536
5015;48.597873;-0.466733;A13;12.654958046512235;12.3676369530814
5100;48.599142;-0.412546;A13;12.687634948556045;12.6667192322867
5185;48.660697;-0.062822;A13;12.794213151698472;12.5020061220442
5270;48.778055;0.462329;B32;12.301023427289325;12.0565821783883
5355;48.556815;0.145166;A13;12.441041397709105;12.6499701227461
5440;49.037163;-0.121337;B31;12.308610917644678;13.2513609613691
5525;43.006077;-0.244135;I21;13.335190135819033;9.94835557256425
5610;42.99044;-0.145491;I21;13.817353466033149;12.301036970956
5695;43.019974;0.416648;I21;13.381351649387254;11.8487608773368
5780;43.369852;-0.063335;F52;13.454841414827316;14.8610672269549
5865;43.162788;0.36277;F30;13.275049299282108;13.8978802817208
5950;43.025206;-0.195998;I21;13.531641819979365;8.8814310005733
6035;43.412204;0.243196;F30;13.71058142291109;14.9074476105826
6120;43.270871;-0.440602;I11;13.10685200299771;15.3191262653896
6205;42.953384;-0.192835;I21;13.550973627198625;9.6728140286037
6290;42.858176;-0.408563;I21;13.538108117746148;6.61028032643453
6375;43.694876;-0.002661;F52;13.495773785336754;15.5800967897688
6460;44.288514;-0.00223;F21;13.584473016491678;15.2631607055664
6545;44.139089;-0.245876;F21;13.539880274344187;15.4492154802595
6630;43.965511;0.035989;F52;13.528335505041865;15.4207600184849
6715;43.557132;0.299691;F30;13.639667960693403;15.0448269162859
6800;44.15995;-0.121874;F21;13.398000625010873;15.1969173976353
6885;43.668502;0.493899;F30;13.528244290503496;14.6014011246818
6970;44.456721;-0.499165;F21;13.192666065834217;15.1241758891514
7055;44.482649;-0.173684;F23;13.22982343188962;15.4896831512451
7140;44.046174;0.494077;F30;13.520321067911993;15.3899656023298
7225;43.684966;0.406636;F30;13.686921087175323;14.9481775420053
7310;44.203455;0.238874;F30;13.666993594456313;15.2476809365409
7395;43.610333;0.260671;F30;13.66872013979985;15.273759160723
7480;44.604011;-0.368047;F21;13.38817338283625;15.770373753139
7565;44.925247;0.351062;F23;13.249059078034259;15.1034919193813
7650;44.945643;0.295728;F23;13.139821054487031;15.0366851261684
7735;44.99234;0.095049;F23;13.096545005328373;15.4398919514247
7820;45.183558;-0.218081;F23;13.402945276639871;15.2813087190901
7905;44.96837;-0.182872;F30;13.162001307501138;15.6869524547032
7990;44.65477;-0.496571;F21;13.401599934444995;15.7979204995291
8075;45.114203;-0.100503;F23;13.579218477909093;15.3785927636283
8160;44.64615;-0.105378;F30;13.186564167251811;15.6534320286342
8245;45.174432;0.202219;F23;13.457493588246615;15.0048674174717
8330;45.136968;0.127373;F23;13.2437187054772;15.0357818603516
8415;44.579029;0.124146;F30;13.439154235538494;15.431365285601
8500;45.064012;0.079465;F23;13.0891468017998;15.2293664387294
8585;45.123807;-0.456903;F30;13.652467631904477;15.4915482657296
8670;45.204114;-0.104454;F23;13.362939468864688;15.0012085778373
8755;45.535822;0.277878;F15;13.268587340154198;14.1759394236973
8840;46.065334;-0.23342;F12;13.092657179985613;14.5852669307164
8925;45.976573;-0.177611;F12;12.604190514528284;14.5186765534537
9010;45.897313;-0.483412;F12;12.765389324723046;14.8162910597665
9095;46.457044;0.464338;B82;12.999236129050175;14.2512766293117
9180;46.400862;0.336184;B82;12.76272141764616;14.4164560181754
9265;45.572958;0.340572;F15;12.877844057874592;14.2864447321211
9350;45.83355;-0.132437;F12;12.734304751993589;14.4120937074934
9435;46.690674;0.443168;B82;13.182216587889242;14.163478238242
9520;47.334986;0.235027;B61;13.069362910712622;14.2502038819449
9605;47.100189;0.005145;B81;12.971833890231935;14.819917678833
9690;47.464108;0.415686;B61;13.193487201574655;14.0333747182574
9775;46.686293;0.194839;B81;13.176461024645677;14.0513744354248
9860;46.569774;-0.218188;G11;13.167649430115574;13.7099565097264
9945;47.373512;0.379214;B61;12.951265859899705;14.129310131073
10030;47.319473;-0.492284;B81;13.775042669303659;13.6727324213301
10115;46.511013;0.462467;B82;12.946723276907141;14.1648198536464
10200;47.951774;0.531852;B61;12.887681531967957;13.2926174572536
10285;48.409987;1.21837;B33;12.058546131081906;12.8281636238098
10370;48.027879;0.824245;B33;12.588909727458;13.3472548212324
10455;47.814351;1.017291;B33;12.795960792948046;13.5990537915911
10540;47.996288;1.213747;B33;12.602002581696311;13.5458605630057
10625;47.978042;1.187334;B33;12.815949151609606;13.4765605245318
10710;47.814196;1.003944;B33;12.558439994933806;13.6022961480277
10795;48.391349;1.151266;B33;12.204673374726347;12.6751218523298
10880;49.436262;1.416385;B10;12.332253710297435;12.5550134522574
10965;49.34429;1.170523;B10;11.959211740868076;12.7444755009242
11050;49.034864;0.82211;B32;12.360022391002532;12.7563851220267
11135;49.253346;1.062772;B32;12.110669843574497;12.9397564615522
11220;48.567237;0.808604;B33;12.684309895449658;12.487188066755
11305;49.269447;0.897591;B32;12.166947329576962;12.74596118927
11390;48.912081;1.0848;B32;12.47021637114531;12.8801347868783
11475;48.625587;1.200187;B32;11.967350651521611;12.8460185868399
11560;49.484168;0.822602;B10;11.835003337979812;12.7863593101502
11645;49.417527;1.320321;B10;12.183397240291681;12.6585555757795
11730;48.81484;0.515446;B32;12.30494343275218;12.0791692733765
11815;48.789036;1.387055;B32;12.157268900425423;13.1270528520857
11900;49.975036;1.406599;B10;11.908649339880933;11.8517550059727
11985;49.704676;1.286902;B10;11.936626832339583;11.7125578607832
12070;49.901182;1.171626;B10;11.837177778956317;11.9182810783386
12155;43.165389;0.510024;F30;13.281875835298129;13.8806074687413
12240;43.061135;0.73392;I11;13.706231507068177;14.4520019122532
12325;43.008668;0.833325;I11;13.79538930954375;13.1048470224653
12410;43.173228;1.050014;I11;13.469485653322936;14.7386574745178
12495;43.066558;1.150434;I11;13.55838241244457;13.9409084320068
12580;42.9585;1.128198;I21;13.368106284761694;12.3586411476135
12665;43.274211;0.568057;F30;13.566178842370766;14.5141230310713
12750;42.881508;0.7389;I21;13.584712772922765;11.974616595677
12835;42.925895;1.471162;I21;13.371268698453811;9.69620558193751
12920;43.063564;0.90541;I11;13.880790281711862;14.6803244863238
13005;43.204484;0.705352;F30;13.575440141990589;14.4087381362915
13090;42.933694;0.627404;I21;13.793101094848815;11.6427344594683
13175;44.376649;0.947275;F40;13.716595059035335;14.9743552207947
13260;43.766581;1.06141;F30;13.516269323833939;15.0049356051854
13345;43.711443;0.963496;F30;13.636655781293411;15.4980482373919
13430;44.230964;0.813274;F30;13.81187379238733;15.3374843597412
13515;43.515515;1.116416;F30;13.576376256242739;15.0751729692732
13600;44.182121;1.239477;F30;13.624902285914265;15.4208814076015
13685;44.127129;1.140675;F30;13.702966805206822;15.6820647375924
13770;45.491478;0.893657;G11;13.285921912204365;13.9857828957694
13855;44.792104;1.088553;F15;13.935807369631597;14.690411567688
13940;45.147255;0.724588;F15;13.554445729331604;14.2292832647051
14025;44.97477;1.363285;F40;13.925234262738362;14.543922833034
14110;44.825265;0.860277;F15;13.587148146405163;14.637893472399
14195;44.628418;0.941045;F15;13.895504700446265;14.5240294592721
14280;45.203984;0.926575;F40;13.458922304721414;14.5235122271947
14365;44.75463;0.963145;F15;13.673101696832582;14.7578213555472
14450;44.537513;0.867845;F30;13.598178848880858;15.2135697773525
14535;44.705901;1.48147;F40;14.035397922923067;14.3592943464007
14620;44.646875;0.978381;F15;13.649816124641651;14.4073873247419
14705;44.721123;1.178447;F40;13.50678786529331;14.8324609483992
14790;45.009436;1.223179;F15;13.85362923925031;14.4930124964033
14875;44.611517;1.02961;F15;13.80585800613644;14.9720356804984
14960;44.54402;1.483935;F40;13.751755405724433;14.3152443340846
15045;45.119431;1.449693;G11;13.602140965915524;14.6700707844325
15130;45.075485;0.739369;F15;13.40375732755863;14.1093463216509
15215;45.188798;1.168701;G11;13.653891115348392;14.1668494088309
15300;45.145136;0.584795;F15;13.170994436054258;14.7533250536237
15385;46.108207;1.343085;G11;13.450982812081167;13.5100145339966
15470;46.302958;1.027947;G12;12.849940674066742;13.9567055702209
15555;45.604652;1.377799;G11;13.46974809630778;13.4297248295375
15640;46.126207;1.342762;G11;13.13200737297707;13.6022199903216
15725;45.929145;1.449481;G11;13.30600845490716;13.5826129232134
15810;46.447044;1.037491;B82;12.663464438998394;14.4329724311829
15895;45.669829;0.773465;G11;13.094440083392621;13.3682453291757
15980;45.595228;0.596131;F15;13.376976205512028;14.2353966576713
16065;46.429046;1.037916;B82;12.699038297808002;14.3618966511317
16150;46.26123;0.600804;B82;12.741963313881008;14.3088998794556
16235;45.965031;1.435994;G11;13.344088601692492;13.033761705671
16320;45.908696;1.17914;G11;13.075728671885791;13.6324160439628
16405;47.202177;0.979571;B62;12.811341098141641;14.230904511043
16490;47.022593;1.01042;B62;13.104474205302253;14.0180283955165
16575;46.831009;1.275502;B82;13.086547297260273;14.3464149747576
16660;46.984345;0.827298;B62;12.967386306843586;14.338884966714
16745;47.4174;0.921081;B62;12.83149823103434;14.4053096090044
16830;46.515003;0.723043;B82;12.744583755722758;14.3221398081098
16915;46.710149;0.534058;B82;13.36030581445425;14.4211831092834
17000;46.594342;1.373334;B91;13.262620253549471;14.237987109593
17085;47.474175;1.171677;B62;12.948518997731972;13.9907743590219
17170;46.50216;1.140419;B82;12.89210780504188;14.2496941430228
17255;46.937221;1.498545;B91;13.009975337614563;14.017582484654
17340;47.11385;1.126782;B62;13.176925654225991;13.961644240788
17425;48.1049;-2.375984;A12;13.49160103456672;13.4552745819092
17510;48.395536;-1.834268;A12;13.550716693862308;13.4753587586539
17595;48.461709;-2.462349;A12;13.741118398390341;12.9614913804191
17680;48.230019;-2.400713;A11;13.420051386518574;12.9063634872437
17765;48.216346;-2.291653;A12;13.605982690260062;13.0300895827157
17850;47.698774;-2.166394;A21;13.435414023359172;14.0304253441947
17935;47.875229;-2.261764;A21;13.612217465085914;13.6552773884364
18020;48.550888;-2.484137;A12;13.88033910937565;12.6744236946106
18105;46.407267;-1.512286;F22;13.720418282327344;14.6467589650835
18190;47.027073;-1.820184;A30;13.81346091449071;14.2622641835894
18275;47.381532;-1.980439;A22;13.294041283709342;13.977874483381
18360;47.51599;2.272797;B70;13.10404271291246;13.7695752552578
18445;47.964874;1.897337;B70;12.75647936647313;13.6557269096374
18530;47.659651;2.086239;B70;13.294456983454916;13.72674540111
18615;47.641105;1.900005;B70;12.696677874924761;13.7477310725621
18700;47.803353;2.005468;B70;12.878466464150621;13.8165907178606
18785;47.513553;1.582408;B70;13.209188883992061;13.7996143613543
18870;47.676166;1.699966;B70;13.013483500487537;13.8368011202131
18955;47.551952;2.418902;B70;13.19033724609382;13.6938942500523
19040;47.695819;2.205974;B70;13.198039985561792;13.7911368097578
19125;47.6406;1.780232;B70;12.77303191680224;13.8569884981428
19210;47.713735;2.152625;B70;13.160113884500433;13.8070227759225
19295;47.713111;1.91275;B70;12.73112203481928;13.8619273730687
19380;48.379264;2.447189;B41;12.634138870103003;13.5743089403425
19465;48.61232;1.918991;B41;12.547525142529148;13.3484397615705
19550;49.32995;1.638235;B32;12.401008577837885;12.8726272583008
19635;48.86439;2.053176;B41;12.853206297845967;13.4104723930359
19720;48.684326;1.945556;B41;12.619203107339635;13.2794916289193
19805;49.20586;2.051305;B41;12.332079475862628;13.1925218445914
19890;48.630036;1.851041;B41;12.384937681032886;13.2240155083793
19975;49.367918;2.339267;B41;12.284323293526136;12.6827064241682
20060;49.349948;2.311772;B41;12.140168232187913;13.0733910969325
20145;48.683858;1.823394;B41;12.417355920187878;13.1157346452986
20230;49.042823;1.71046;B41;12.18425764250192;13.1239611080715
20315;50.265813;2.297308;B10;12.43782566768237;12.2638985770089
20400;50.264618;1.793291;B10;12.248653509176508;12.3258642469134
20485;49.511511;2.159943;B10;12.113302991981781;12.4732839039394
20570;50.391071;2.030521;B10;12.110114243106409;12.0620431900024
20655;49.869948;1.866959;B10;12.32458372386315;12.0905543054853
20740;50.444908;2.030202;B10;12.330796764438725;12.0822191919599
20825;50.768221;2.339329;B21;12.444793361317158;12.8420461245946
20910;50.875283;1.970859;B21;11.883900685808205;12.7010160173689
20995;42.48001;2.060044;I22;13.02039509358527;9.13390328202929
21080;43.072377;1.934639;F30;13.034441091553262;15.1482039179121
21165;43.052035;1.51827;I11;13.343806802233056;14.4436423437936
21250;43.180916;2.253102;J22;12.574736795691576;16.0118453162057
21335;42.892303;1.838172;I12;13.03396381796964;11.9558760779245
21420;42.839522;2.448882;I13;12.4912132647195;13.6030141966683
21505;42.713757;2.472995;I22;12.450007291134773;14.8723449025835
21590;42.749765;2.351213;I12;12.680467762073336;10.7823759487697
21675;43.019149;2.47371;I13;12.204959956303924;15.0505971227373
21760;43.25141;1.785871;F30;12.924892371486088;15.1277129309518
21845;43.468474;2.277347;G80;12.632923506032872;11.9266108785357
21930;43.270708;2.474309;J22;12.468152227449373;16.3242457253592
22015;42.856964;1.984978;I12;12.606966027000468;12.0789170946394
22100;43.054802;2.057273;F30;12.988603052799235;14.4805042403085
22185;43.395056;1.759843;F30;13.26835557815148;15.7286466870989
22270;43.070947;1.652803;F30;13.299329938105439;15.055310521807
22355;42.911383;2.44902;I13;12.362997381694663;13.8312945365906
22440;42.785636;2.229293;I12;12.865644913088246;11.7860221181597
22525;43.07309;2.437077;I13;12.647467849091212;14.650728225708
22610;44.45524;1.64851;F40;13.61894199727899;14.248851776123
22695;43.791391;1.954376;F30;12.741538744762911;15.7514336449759
22780;44.203313;1.626584;F40;13.569948801740006;15.4230286734445
22865;43.789771;1.631743;F30;13.04079680887176;15.889474596296
22950;44.329351;1.650044;F40;13.557794246979876;14.603873865945
23035;44.472983;1.610615;F40;13.742691427608301;15.1113881383623
23120;44.331421;2.476883;G50;13.288194063434148;13.4962496757507
23205;44.49212;1.811394;F40;13.683988965097734;14.5459113802229
23290;43.755995;2.177833;F30;12.955056422566924;15.4150955336434
23375;43.952965;1.891064;F30;13.359304938882508;15.4499525342669
23460;44.526854;1.597345;F40;13.934289629247509;14.4720446041652
23545;44.54732;2.276201;G50;13.679108855654016;14.8245639119829
23630;44.580279;1.521134;F40;14.048151602808955;14.1618740218026
23715;45.230838;2.199053;G13;13.299545214993593;13.8292232240949
23800;44.601212;2.477544;G50;13.485744073019703;13.6808033670698
23885;44.780651;1.998114;G50;13.607191529177955;13.4540926388332
23970;44.565308;2.276172;G50;13.69874309662653;14.762153012412
24055;45.373516;1.790254;G13;13.352756639953954;14.0911349569048
24140;45.139701;1.805265;G13;13.291625194247848;14.0182741028922
24225;45.374573;2.083822;G13;12.94218876019248;12.417325087956
24310;44.978122;1.882852;G13;13.737558186358106;14.0223847797939
24395;45.482801;2.287948;G13;12.97161234677772;11.795485155923
24480;44.635481;1.709282;F40;13.896776507257096;14.0863665172032
24565;45.446539;2.083492;G13;13.028742389259442;12.2275599752153
24650;45.301734;1.829214;G13;13.389149465685536;14.178711278098
24735;45.085472;1.754994;G13;13.58053419036189;14.4341069630214
24820;45.497822;1.520372;G11;13.287520444918195;13.3129258837019
24905;45.248356;1.982522;G13;13.19457828263946;13.5160937990461
24990;45.446817;2.287974;G13;12.990966184525758;11.77636214665
25075;45.950252;2.04246;G13;13.18176913485452;11.2171431609562
25160;46.021715;1.887097;G13;13.368534460313692;12.6630605288914
25245;46.146949;1.73073;G11;13.160783413556892;13.8947244371687
25330;45.751911;1.915016;G21;12.987970678202073;11.3543008055006
25415;45.858292;1.605149;G13;13.49381755030992;12.6921684401376
25500;46.022292;2.067901;G13;13.1659309788386;11.8827377728054
25585;45.985627;1.861588;G13;13.170705042245205;12.9800143241882
25670;45.644676;2.210837;G21;13.25197814024228;11.1295096874237
25755;46.256531;2.313187;G12;13.316599963594323;12.5128079823085
25840;46.255788;1.92408;G12;13.153747074647233;13.734158379691
25925;46.184546;2.390932;G12;13.340963341671115;12.8843335424151
26010;45.698715;2.287752;G21;12.918555160923432;10.8974067824227
26095;45.950143;2.00377;G13;12.862928250210176;11.5730322429112
26180;46.03966;1.874035;G13;13.385961817431884;12.5593429974147
26265;46.03919;1.770681;G13;13.259267343103437;12.5626150539943
26350;45.698499;2.108003;G21;13.090886311265718;10.3518513611385
26435;46.796185;2.142644;B91;12.794976100263488;13.9687158039638
26520;46.958279;2.352299;B91;13.149263617107515;14.0202576773507
26605;47.460508;1.742333;B70;13.046189559561421;13.8060571806771
26690;46.742326;2.430753;B91;13.067841880581966;14.0830683026995
26775;47.300069;2.220162;B70;12.697375972173896;13.754765851157
26860;47.462036;2.32591;B70;13.096409388837756;13.7230022975377
26945;46.54443;2.300018;G12;12.775844705432073;13.3090179988316
27030;46.903106;1.814108;B91;13.012941068963206;14.0361080850874
27115;47.480026;2.339174;B70;13.059533106487649;13.7005355698722
27200;47.354046;2.233275;B70;12.947230593238048;13.8409826414926
27285;47.369186;1.518249;B70;13.039678587745726;13.7813569477626
27370;46.740502;1.684811;B91;13.192143847038546;14.042915889195
27455;46.758924;1.763143;B91;13.057841264851627;14.1401064055307
27540;47.460445;1.729059;B70;12.939376183321293;13.8100547790527
27625;46.940286;2.312879;B91;12.973604652278354;14.0415613310678
27710;47.69891;-2.606853;A21;13.191232978851865;13.4710884775434
27795;47.825703;-2.591947;A21;13.301661151431317;13.4499143872942
27880;48.104821;-2.80644;A11;13.389380290641634;13.1804517337254
27965;48.113472;-2.605467;A12;13.400356561553274;13.0635230200631
28050;47.85009;-3.250363;A21;13.202350095504016;13.3085220881871
28135;48.060749;-2.573632;A12;13.25942161771835;13.3676255089896
28220;47.965233;-3.477376;A11;13.18554122107592;12.9695322172982
28305;48.366399;-3.386696;A11;13.51231538295272;12.0270983151027
28390;48.623366;-2.89846;A12;13.89075203184945;12.8121305874416
28475;48.107868;2.970253;B52;13.07810069791531;13.6586018971034
28560;47.567305;3.123304;B51;13.049456795592668;13.3240076473781
28645;48.142855;3.131906;B52;13.041023762752124;13.3961881228856
28730;48.194421;3.428581;B52;12.858278115814867;13.6289523669652
28815;48.337759;3.485509;B52;12.933237743899534;13.1904171534947
28900;48.395434;3.000743;B52;13.192039890235606;14.0126301901681
28985;47.947335;2.633681;B70;13.12487282732328;13.9807228360857
29070;48.286797;3.120619;B52;13.152594699549853;13.3451556478228
29155;48.412662;3.122502;B42;13.373229995524222;13.9830660820007
29240;47.800672;3.193521;B52;12.78498249203153;13.6617270197187
29325;47.782875;3.166535;B52;12.946660363390665;13.7003354345049
29410;48.283942;3.470858;B52;12.953531284081022;13.1929970468794
29495;47.605503;2.658372;B53;13.27343098814971;13.5899077824184
29580;47.713182;2.738981;B53;13.133744540666202;13.7140160969326
29665;48.610337;3.139039;B42;13.382836412902272;13.2989001274109
29750;48.916769;3.007423;B42;12.998169864616136;13.0796869822911
29835;49.312112;3.01258;B41;12.89060307096871;12.8942014149257
29920;48.864384;2.625313;B41;13.27489441536673;14.037842137473
30005;49.492203;2.932214;B41;12.827611946378028;13.335160119193
30090;48.610248;3.152603;B42;13.25184508652101;13.3109233719962
30175;48.539492;2.961962;B42;13.293264277767916;13.5830636705671
30260;49.454696;3.193599;B41;13.100209040695802;13.1496248926435
30345;49.294224;2.998612;B41;12.91696228608789;12.8279012952532
30430;48.896619;3.320689;B42;13.279859555844133;12.9509439468384
30515;49.455921;3.000703;B41;12.863186170854474;12.8988825934274
30600;49.59723;3.347988;B41;12.810417251760645;12.8778444017683
30685;49.618082;2.906046;B41;12.81824858711034;12.7371751921517
30770;49.723064;3.336633;B41;12.742556861081084;12.7675041471209
30855;49.870229;2.728266;B22;12.236171543922707;12.7633989197867
30940;50.516906;2.536315;B21;12.558892212967953;12.7055747849601
31025;42.46136;2.811927;J21;12.469521965132259;15.5686020169939
31110;43.358818;2.967143;J22;12.99842241307888;16.980726650783
31195;42.533185;2.81251;J21;12.636897068618069;17.3469749178205
31280;42.58775;2.618525;J21;12.572639775011517;15.3775350706918
31365;43.017261;2.987903;J22;12.571375776447445;17.8335425513131
31450;43.486153;2.598253;G80;12.699618408053011;13.6640870230539
31535;42.551765;2.64264;I22;12.410237125030433;15.1075777326312
31620;42.695576;2.594696;J21;12.462257576986287;15.878956930978
31705;43.036918;2.58397;J22;12.629019484994009;15.6551134926932
31790;43.827573;2.649478;G50;12.942744930725619;13.532543863569
31875;44.042905;2.775309;G50;13.358044968422261;14.6584432465689
31960;44.492496;2.778804;G60;13.482147171278166;13.0481977462769
32045;43.965951;3.471804;G60;13.015813643431896;12.6098195484706
32130;43.950669;3.172817;G60;13.077180382654516;12.6457849911281
32215;43.826162;2.972318;G80;13.099653871845655;13.3266660145351
32300;43.827708;2.599818;G50;13.001164457182929;12.6219831194196
32385;44.492162;2.854189;G50;13.293488458093227;13.2303312846592
32470;43.987183;3.098636;G60;13.353074212563238;13.2528377941677
32555;44.058354;3.199341;G60;13.214063636242718;12.1434574127197
32640;43.682628;2.921168;G80;13.275811608525077;12.0394330024719
32725;44.456796;2.703192;G60;13.546371675401845;13.518981729235
32810;43.845554;2.649579;G50;13.127976651119676;14.2195595332554
32895;44.203288;3.051551;G60;13.104673837550195;13.8634074074881
32980;44.042394;2.887481;G60;13.400162894957761;14.2374279158456
33065;45.083912;3.164423;G22;13.408895347362053;9.80105812208993
33150;45.190156;3.369558;G90;13.260150234638637;12.9773054804121
33235;44.722692;3.335728;G22;13.234450740553767;10.5779809611184
33320;44.505399;3.482687;G60;13.086459647581899;10.8135864053454
33405;44.618753;2.679059;G50;13.538407680380123;12.6673086030143
33490;45.14051;2.656851;G30;13.168366765949123;8.62916089807238
33575;44.542367;3.382829;G22;12.98355702779243;10.6123384748187
33660;44.942237;2.769702;G30;13.591193239814329;10.5677529062544
33745;44.726218;2.805883;G50;13.641485970738833;11.9240411349705
33830;44.870824;2.592065;G50;13.512520000841924;13.3782884052821
33915;44.886833;3.047633;G22;13.465538734121624;11.214225939342
34000;45.369445;3.436731;G22;13.486915548707245;12.5422451155526
34085;44.793676;3.43805;G22;13.432937038046438;9.00438863890512
34170;44.868053;3.161233;G22;13.112002435774812;10.2251828738621
34255;44.631925;3.422282;G22;13.299106352510755;10.218403169087
34340;45.676367;3.327331;G90;13.208509355019222;12.4031223569597
34425;46.092653;2.998628;G13;13.631028501980857;12.7207020350865
34510;45.714946;2.968417;G30;13.53810515981196;10.1735419545855
34595;45.788157;2.686333;G21;13.037013365729905;10.7483423777989
34680;45.516239;3.094117;G30;13.331944462556285;11.1562866824014
34765;45.716224;2.673025;G21;13.067469597754398;10.1795811993735
34850;45.698588;2.518854;G13;12.733602326854216;11.5074842657362
34935;45.626463;2.595549;G21;12.901861979332791;11.0146435328892
35020;45.729259;3.443918;G22;13.474474650968267;13.5285287584577
35105;45.71152;3.417875;G90;13.480333190784947;13.2605440957206
35190;45.589703;2.826023;G30;13.269905744447753;8.07925538931574
35275;46.814068;2.588132;B91;12.984874435641766;14.0976516178676
35360;47.31798;2.511138;B53;12.858138109640597;13.3706137793405
35445;47.389803;2.590842;B53;12.90746448963079;12.7004567555019
35530;47.43998;3.307043;B53;12.870539931792658;13.3975174086435
35615;47.136518;2.95877;B91;13.11316114500965;13.657577582768
35700;47.205893;3.329209;B53;13.03874565513047;12.9560267584664
35785;47.006927;3.443914;B53;13.129576763075553;13.3438230923244
35870;47.065137;2.839449;B91;13.097199719852052;13.8674599102565
35955;46.777839;2.679628;B91;13.013700999627318;13.9193282808576
36040;46.828637;3.256719;B92;13.181946193871049;13.8631314550127
36125;47.279395;3.132287;B53;13.152860022436668;13.6145868301391
36210;47.403188;3.39913;B53;13.044275639977409;13.8273530006409
36295;47.477457;3.108704;B51;13.073605403168813;13.059748513358
36380;48.387733;-4.02531;A11;13.638441558104303;12.1779171398708
36465;47.943958;-3.542134;A11;12.988921596197192;13.0731195041111
36550;48.167538;-4.093017;A11;13.622191206895712;12.4503062793187
36635;48.280915;-3.998813;A11;13.534613760399518;12.9565142222813
36720;47.911576;-3.820252;A11;13.401982096420433;13.1022936276027
36805;48.640845;-4.342131;A11;13.601147164954037;12.8364411762782
36890;47.688986;3.60468;C20;13.060547220353678;14.0763822283064
36975;48.053665;4.498894;C20;13.701125127151284;12.996639592307
37060;47.771042;4.193756;C20;13.646016930029775;13.0147079059056
37145;48.164854;4.315235;B51;13.838332952135177;13.1834422520229
37230;47.957851;3.691485;B51;13.099830341125921;14.1956470353263
37315;48.189286;3.885743;B52;13.23610324856962;12.9546246528626
37400;48.043408;4.028995;B51;13.786856571342254;13.6441688537597
37485;47.591838;4.147605;C20;13.736954770177276;12.8202057565962
37570;47.732644;4.339107;C20;13.70766425749661;12.6981978416443
37655;47.99428;3.65222;B51;13.002092808940903;14.2618981770107
37740;47.592654;4.094433;C20;13.503923259769708;13.0671536581857
37825;48.10124;3.73545;B52;13.126359330265288;12.860672882625
37910;48.017959;4.484026;C20;13.909476750006638;12.7780249459403
37995;48.225071;3.900255;B52;13.119315625979786;12.8508561679295
38080;48.839992;3.605575;B42;13.067860325301622;12.7336083139692
38165;49.468573;3.648703;B41;12.841374369147735;12.9025385039193
38250;49.415828;3.537187;B41;12.888226782871513;12.6532154083252
38335;48.982071;3.75925;B42;13.08563820175282;12.4971421786717
38420;49.433926;3.523842;B41;12.897234988739713;12.5970624514988
38505;49.13319;4.475652;B43;13.022689944027585;13.0911751474653
38590;48.685886;4.348625;B43;13.24651224130848;13.1534254891532
38675;49.744029;4.487453;C20;12.45473230116253;10.9991324288504
38760;50.168228;3.722788;B23;12.410598088689339;12.2569734709604
38845;50.203805;3.75174;B23;12.448139814162426;12.1417961801801
38930;49.972958;3.508619;B22;12.887731288906046;12.3234804017203
39015;50.072398;4.180526;B23;12.287698165885315;11.7424661772592
39100;49.964695;4.176608;C11;12.705711449856336;11.2696782520839
39185;44.333123;4.231027;J10;13.077861694752338;15.8281413487026
39270;44.266348;3.903361;G70;12.838591591450962;14.7405505861555
39355;44.334811;4.13082;G70;13.137858349662212;15.8328738893781
39440;44.396955;3.530653;G60;13.23496846429625;10.9469556467874
39525;44.387921;4.18269;J10;13.20001293894976;16.1541978291103
39610;44.310525;4.48082;J10;13.25709723442462;15.6951043946402
39695;44.139023;3.999732;G70;12.779552300400042;15.1179156303406
39780;44.241456;4.328042;J10;13.097354069311905;15.8380070413862
39865;44.000247;3.621956;G70;13.037269223853867;14.6139858109611
39950;44.231774;3.802329;G70;12.693485550370871;13.9559668132237
40035;44.47824;4.160524;G70;13.354545157998606;14.9371578352792
40120;43.748571;3.616292;J10;13.099513645860966;16.543144089835
40205;43.784518;3.617089;J10;13.217810939549066;15.7442415782384
40290;44.014642;3.896402;G70;12.89308533431515;15.5363981383188
40375;44.328992;4.456456;J10;13.211150765015224;15.0771230288914
40460;44.426888;3.995685;G70;12.689780985544028;12.6307877813067
40545;45.379904;4.036993;G22;13.048300879783724;11.0919055598123
40630;45.161619;4.182946;G22;12.814445315550111;12.0734402792794
40715;45.474722;3.681806;G22;13.0737831622482;11.9907173429217
40800;44.627387;3.812661;G22;13.188822928170524;9.83781274727412
40885;45.259741;3.600153;G22;13.618898869884916;10.1156136648995
40970;45.389853;3.550259;G22;13.394890731303128;10.6725836140769
41055;45.019383;4.076747;G30;13.293547207906366;11.0963626589094
41140;44.935952;3.592835;G22;13.166014682853744;9.81922696317946
41225;45.276533;3.70248;G22;13.210321395224549;10.2214348997389
41310;44.916775;3.693692;G30;13.059845379634671;10.8564792360578
41395;44.714031;4.042029;G22;13.169425142455296;8.98898121288845
41480;44.602836;4.240127;G70;13.636786867058746;13.1120413371495
41565;45.46261;4.46154;G90;12.785937029207476;13.8148347309657
41650;45.007468;3.632482;G30;13.334694919203779;12.0710984638759
41735;45.286885;4.225356;G22;12.985956005301555;12.0244039467403
41820;45.385814;3.590268;G22;13.211606414226765;10.5331755706242
41905;45.330337;3.716563;G22;13.403033986642761;10.4159795897348
41990;44.58854;4.01304;G70;13.031861336246566;11.6492802074977
42075;44.821544;4.07059;G30;13.48947318191289;11.0707358292171
42160;45.39067;4.458781;G42;13.04860387652199;10.8578475884029
42245;44.786544;4.006341;G30;13.184909591456924;10.1934021881649
42330;44.602613;4.252712;G70;13.556850190273254;13.2163727624076
42415;45.66022;4.48199;G41;13.03197421508211;12.8327578135899
42500;45.941846;3.744847;G22;13.39388188233377;10.5452307292393
42585;45.74427;3.714095;G22;13.427747328374004;10.2782701083592
42670;45.871707;3.588481;G22;13.378055182120846;12.8179781096322
42755;46.446232;3.705848;B92;13.42669058531927;13.9116918018886
42840;45.930514;4.466764;G41;13.231791160999272;13.1614765439715
42925;45.599544;3.774563;G22;13.504581650160873;11.5822886739458
43010;45.858808;4.451104;G41;13.388590971471663;13.0609660148621
43095;46.310855;4.338768;B92;13.476402846808561;13.3472038677761
43180;45.669778;3.904751;G22;13.56325130206937;11.4886314187731
43265;45.776988;3.959247;G22;13.176976091171632;12.691832269941
43350;45.619099;3.646855;G22;13.449746915905976;12.2741339547293
43435;46.200069;4.490254;G41;13.137251629152095;10.7533100673131
43520;45.561484;3.927291;G22;13.369949440824415;9.67260883535657
43605;47.161594;4.040722;G23;13.099264660695416;12.2004236493792
43690;47.358644;4.099967;G23;13.372492323820383;12.4986263683864
43775;46.981318;4.061301;G23;13.540445920822584;11.5250118119376
43860;46.9981;4.140755;G23;13.565309353274339;12.5190897669111
43945;46.762562;4.237648;B92;13.63270755802887;13.8016114234924
44030;47.037902;3.878857;G23;13.29343939502692;13.7564833504813
44115;47.102057;4.381465;C20;13.169311483885911;13.5271178654262
44200;46.94087;4.335931;G23;13.307023035371893;12.4909297398159
44285;47.340867;4.086145;G23;13.332388215326327;12.1574847357614
44370;46.869826;4.280803;G23;13.48487647473052;13.8293115070888
44455;46.859854;3.729472;B92;13.398840675454382;14.2292809486389
44540;47.471787;3.718916;C20;13.097285974015904;13.5740663664682
44625;47.473287;3.586272;C20;13.234572553810928;13.8234107153756
44710;46.696625;3.829885;B92;13.79561731307708;13.9225771767753
44795;47.375602;4.166756;G23;13.813623411298211;12.9063096727644
44880;48.034691;4.551768;C20;13.601589527312166;12.7800621305193
44965;48.020098;5.221703;C20;12.96535995488628;12.7057604789734
45050;47.992214;4.871659;C20;13.45212758262844;12.4718924931118
45135;48.118624;4.850876;C20;13.267850009273692;12.479526587895
45220;47.963798;4.680873;C20;13.438633952029514;12.8264086587088
45305;48.3567;4.646367;B51;13.49548184962105;13.5245088168553
45390;47.78239;5.368988;C30;12.857073586808355;12.9375157356262
45475;48.058003;5.143248;C20;13.18429963547297;12.8177740914481
45560;48.136594;4.851734;C20;13.386352931168945;12.914099080222
45645;48.4001;5.134582;C20;13.201217103133978;13.0033410617283
45730;48.051383;4.619553;C20;13.609496468215932;12.3698870113918
45815;47.703116;4.924499;C20;13.06534978842459;12.0730789729527
45900;48.026095;4.967179;C20;13.082093630179381;12.8244191578456
45985;48.062045;4.968972;C30;13.230940067770968;12.9708426339286
46070;48.165512;5.162439;C20;13.139716061419422;12.8446610995701
46155;47.519046;5.101533;C20;12.85158497613527;13.3162936483111
46240;48.297484;4.89989;C20;13.281898816894108;12.5520118304661
46325;47.981122;5.340203;C20;13.160739038116644;12.5089851788112
46410;47.557484;4.997174;C20;12.614673159384985;12.6312378474644
46495;47.664128;5.055801;C20;12.870634346772109;12.4881919452122
46580;47.896554;5.121294;C20;13.141411019973184;12.6997130257743
46665;47.779025;4.741309;C20;13.404411356573869;12.2807294300624
46750;49.02488;5.332491;C20;12.665114693111505;12.1746670859201
46835;49.147077;5.47666;C20;12.522786221821635;11.7993569374084
46920;48.90443;5.107256;B51;12.68079111092809;12.7001427241734
47005;48.720888;5.260587;C20;13.128059518383244;12.4220471382141
47090;49.046193;5.196921;C20;12.79830220156312;12.3465869086129
47175;48.729635;4.880426;B51;13.040389374184867;13.5134460585458
47260;48.719541;5.314883;C20;13.081950720176186;12.2574276242937
47345;49.093151;4.692997;B43;12.914132416224716;12.8689322471619
47430;48.651323;5.16166;C20;13.140542499667896;12.7203008787973
47515;49.488268;4.711188;C12;12.546979550715749;12.2459744044713
47600;49.239336;5.386164;C20;12.721188615006072;12.2604855128697
47685;48.936104;5.286395;C20;12.790121425116405;12.184632233211
47770;48.612765;5.26809;C20;12.759765102342586;12.4928666523525
47855;49.21133;5.055159;C12;12.911563706994398;12.6004604612078
47940;48.80121;4.897537;B51;12.811903848294827;13.5551394735064
48025;49.937885;4.690492;C11;12.283445997904005;10.078190939767
48110;49.519334;4.947294;C20;12.57767993739384;12.0131414958409
48195;49.958441;4.552231;C11;12.44889976608171;10.5227214608874
48280;49.510015;5.347084;C20;12.489985041449765;12.26104756764
48365;49.83304;4.532874;C20;12.157953620309222;11.193163394928
48450;49.916308;4.870344;C11;12.072893172945527;10.4287893431527
48535;49.589632;5.019998;C20;12.386025142329721;11.9221823556083
48620;43.477853;4.733598;J22;12.999674653024917;17.8629358836583
48705;43.69896;5.251134;J23;12.704120157152508;15.5987241608756
48790;44.383763;5.211263;H30;13.38592474387304;15.186835697719
48875;43.614281;5.04875;J23;13.055254105682986;16.8796811785017
48960;44.146783;5.324183;J40;12.737833948436341;9.70005066054208
49045;44.183698;4.526005;J10;13.230088516098917;17.0908776691982
49130;43.716249;5.276822;J23;12.540318772658074;16.2103244236537
49215;43.935145;5.163664;J40;12.759069078217017;14.6143530436924
49300;44.485653;4.713704;J40;12.9199213019763;16.4826263700213
49385;43.637024;4.851712;J22;13.000860740281567;17.553256716047
49470;43.72912;4.756561;J23;12.817976351932783;17.2885298047747
49555;44.112202;5.272404;J40;12.941773297947451;12.9345491954258
49640;43.911481;5.374031;J23;12.81547995721426;16.1494321141924
49725;45.418981;4.830478;C52;13.090433303963868;15.3830001694815
49810;45.429693;5.137763;C52;13.261442824122176;13.726267678397
49895;44.867414;4.527482;G42;13.40015881825155;13.3749871253967
49980;44.881739;4.70524;G42;13.316166760222798;12.8382361275809
50065;45.331696;5.439122;C52;13.675955294083375;13.7323383603777
50150;44.779205;5.231571;H30;13.497534484033658;12.5628787449428
50235;44.938291;5.34121;H10;13.948982545088462;8.71007876736777
50320;45.279484;4.620239;G42;12.89444600161445;14.2239945956639
50405;44.634732;5.249325;H30;13.347675749950122;11.6832430703299
50490;44.867067;5.312071;H30;13.802659052304122;12.0860751696995
50575;45.334217;4.584213;G42;12.882472990134842;12.1942544664655
50660;44.741037;4.547792;G42;13.359006860401886;14.1260210445949
50745;44.725933;5.203573;H30;13.504684057587676;14.480687890734
50830;44.698598;4.848892;J22;13.374543319387653;15.64009141922
50915;44.900259;4.680701;G42;13.454127984896715;13.2993724686759
51000;44.992269;4.583111;G42;13.083056953453683;14.6202032225472
51085;44.744562;5.179267;H30;13.421984215645926;13.6796590941293
51170;45.351161;4.635954;G42;13.019700597938412;13.4461879049029
51255;45.961307;4.726084;C51;13.269381272604436;15.2323288236346
51340;45.608862;5.172514;C52;13.782927149933434;15.0076296670096
51425;46.114291;5.12108;C51;13.227318008169105;14.6264269011361
51510;45.963774;5.371622;C52;13.279386863674056;14.0652273041861
51595;45.520242;5.116751;C52;13.323945843267019;14.0392744881766
51680;46.340368;4.677734;C20;13.221777853005953;13.8447979518345
51765;45.802303;5.349834;E10;13.328430603614665;14.8823485374451
51850;46.087876;5.443221;E10;12.870462994283505;13.204938343593
51935;45.601011;5.467097;C52;13.441992048295303;13.9466762542725
52020;46.016668;5.413329;E10;13.468405484417898;14.1013156345912
52105;45.926061;5.434056;E10;13.129742373198013;13.6769942556109
52190;46.32162;5.45655;E10;12.43239568799202;13.3280474117824
52275;47.310146;4.786368;C20;13.0599160195024;13.0797733579363
52360;46.987202;5.482012;C51;12.689896255057112;14.2642439433507
52445;47.006603;5.430507;C51;12.718377772595796;14.4260191917419
52530;47.289284;4.917691;C20;12.81696454415418;11.9084363324302
52615;47.405588;5.32105;C51;12.695108592891485;13.9496964045933
52700;46.708982;5.099354;C51;12.937136140812896;14.642785004207
52785;47.293888;5.460361;C51;12.721407127228808;14.1630159786769
52870;46.884555;5.27905;C51;12.761585070991956;14.4274129186358
52955;47.173565;5.242112;C51;12.687800360590659;14.0549802780151
53040;46.611737;4.611098;C20;13.228389623864208;14.0155712536403
53125;47.186028;5.454069;C51;12.649704021893138;14.1991530827114
53210;47.35015;4.589573;C20;13.315751985730701;12.5144007546561
53295;47.054633;4.945918;C51;12.986108554859234;14.5245291164943
53380;47.492433;4.675258;C20;13.011923084970592;12.1666603088379
53465;48.074014;6.433449;D12;12.912317859761465;12.4309340885707
53550;48.083073;6.165413;D12;12.857347002511744;12.6218279429844
53635;48.314802;6.236329;C30;13.259617338410449;12.4842596735273
53720;48.494618;5.654005;C20;13.092168423355325;12.7843175615583
53805;48.375629;6.024686;C30;13.36606781372069;12.6398362432207
53890;47.738444;5.66004;C30;13.130084908373613;13.0886934825352
53975;48.324482;6.480038;C30;13.386191234759144;12.8640091078622
54060;47.777385;5.555643;C30;13.027582514688909;13.3861519268581
54145;47.728884;5.979679;C20;12.77818168693336;13.2446898732867
54230;48.054361;5.935051;D12;13.038539732746933;12.9596343721662
54315;48.11499;6.288741;D12;13.100117344519871;12.7863185746329
54400;48.081751;6.205627;D12;12.947699106123181;12.431168624333
54485;47.966711;6.411703;D12;12.79784358041062;11.9506215708596
54570;47.987315;5.769577;C30;13.454925860632693;12.8978628431048
54655;48.018717;6.469416;D12;12.86111969791996;11.7266160760607
54740;47.830934;5.572273;C30;13.20871113198107;13.2747691018241
54825;47.83816;6.482057;D11;12.973937225024828;12.9006567001343
54910;48.451205;5.90827;C20;12.779459442324402;12.4059670312064
54995;47.605162;5.904621;C51;12.832958315289149;13.9191116605486
55080;48.127864;5.886302;C30;12.861834456401667;12.3262882232666
55165;49.123944;5.667088;C30;12.832892518590947;12.8772273744856
55250;48.629574;5.96123;C20;13.111652952485992;12.7085756574358
55335;48.661266;6.099272;C20;12.970808874337813;12.0501365661621
55420;49.301289;6.338709;C30;12.497641357890844;12.8842330660139
55505;48.667518;6.453002;C30;13.58943985060467;12.6740146364485
55590;49.459507;5.882012;C20;12.485899560178872;11.3990386554173
55675;49.00088;5.563462;C20;12.622231523944881;12.2294541086469
55760;48.952368;5.997503;C20;12.911441739173634;12.6440638133458
55845;48.780075;5.740301;C30;13.067159499758262;12.8426784106663
55930;48.636393;5.730914;C20;13.188606411040086;12.4531007494245
56015;49.341231;6.217941;C30;12.669680781363688;13.0649952207293
56100;48.992968;6.410547;C30;13.05449251154882;12.9442479951041
56185;48.557321;5.969758;C20;13.166567820044717;12.4635756356375
56270;49.454108;6.060957;C20;12.685638569060814;11.7879561015538
56355;43.301021;5.920484;J23;12.848702167033098;13.8839396068028
56440;43.459277;6.029204;J23;13.097489922332526;15.4826976231166
56525;43.240853;5.54768;J23;12.798820955562483;16.1704946245466
56610;43.289003;6.264544;J30;13.139659412862343;16.3938470567976
56695;43.260109;6.065624;J23;12.93966785897729;16.4885057721819
56780;43.270163;6.287873;J30;13.040025826243266;15.4538754735674
56865;43.25311;6.262094;J30;12.85664755605683;15.5484208379473
56950;43.361644;5.714695;J23;12.992198797328362;14.7378449440002
57035;44.019317;5.9659;J23;13.1840182091347;15.6917490277972
57120;44.243329;6.255801;H30;12.961894200322;12.5984557015555
57205;43.700094;5.82156;J23;12.578066632751018;15.7688826152257
57290;43.556453;6.332433;J23;13.117489238129899;15.7708289282663
57375;44.029276;6.315151;H30;13.105916934113294;9.9526743888855
57460;44.205425;5.777662;H30;13.185721754915926;10.4382218633379
57545;43.739599;6.245973;J40;12.824717264269887;12.6289523669651
57630;44.388211;5.688406;H30;13.253457207240006;10.5431949070522
57715;44.461603;5.642507;H30;13.197614823148731;9.88172142846244
57800;44.457064;6.320985;H30;12.779630286390171;13.0586707932608
57885;43.767045;5.974664;J23;13.020462522353789;14.9144067083086
57970;44.097633;5.771111;H30;13.155296686366782;10.7118312631334
58055;44.048425;6.167435;H30;12.959898889857365;15.4045735767909
58140;44.300639;5.608004;H30;13.466987169082465;12.2693945339748
58225;44.128749;5.922941;H30;13.093395173229053;12.7332584517343
58310;44.164146;6.450429;H30;12.668474096950993;11.4085232530321
58395;43.849993;6.178944;J23;12.873414746078032;13.822439466204
58480;44.400415;6.392335;H42;12.811255341400502;5.88915414469582
58565;44.203775;6.353182;H30;12.978577186215903;11.4231694425855
58650;43.718055;5.822668;J23;12.984874068693415;15.5086082049778
58735;43.9424;6.110464;J23;12.499310693383805;14.6184733935765
58820;43.515439;6.465588;J23;13.28661513752448;16.8944924218314
58905;44.124996;6.03516;J23;13.052433885298642;15.141211100987
58990;45.158625;5.811226;C52;13.605534676698023;13.5958792822702
59075;44.838998;5.664824;H41;13.857779555680892;13.1372946330479
59160;44.858489;5.615353;H41;13.811087181312592;12.6293866974967
59245;45.067163;5.856341;H22;13.614850438277363;12.2553827762604
59330;45.233658;5.713979;C52;13.649954488135835;12.0736978054047
59415;45.025438;6.03146;H22;13.400561395533492;7.33804706164769
59500;44.9878;6.079729;H22;13.198386868905303;11.0089169910976
59585;44.586633;5.675061;H30;13.43182209617548;11.1459070273808
59670;44.782391;5.749936;H41;13.8296877227489;11.9671893801008
59755;45.483883;6.318219;H21;13.467807091648334;10.8841266291482
59840;45.360795;6.232705;H21;13.35844384773012;7.76277204922267
59925;45.323512;6.26838;H22;13.299513417228171;12.3155439240592
60010;45.040819;5.537203;H10;13.854386251865677;9.85968913350787
60095;45.379376;5.658982;H10;13.649350111072485;13.2672271728516
60180;45.432541;5.687746;H10;13.724123816307147;11.9124133927482
60265;45.031615;5.841401;H22;13.632706174537603;8.63881017480578
60350;45.41906;5.533513;C52;13.788231587528315;13.296537399292
60435;45.954725;6.249109;H10;13.514390543526472;6.24395859241485
60520;45.717429;5.795082;C52;13.05598773393305;14.0501911299569
60605;45.562004;6.14433;C52;13.293952226826223;14.5819758006505
60690;45.6258;6.379826;H21;13.64929720088913;8.70717763488316
60775;45.692094;6.024807;H10;12.987150947982505;8.48201083498341
60860;46.116817;5.690882;E20;12.920784071566679;9.39160989012036
60945;46.271446;5.934158;E20;12.99221560704619;6.66082329409462
61030;45.980516;6.018391;C52;13.127448681130423;13.0729264531817
61115;46.148055;5.848279;E20;12.574018584058324;8.30797579458781
61200;46.174887;5.551859;E10;12.611425950107867;13.3694688933236
61285;46.277454;5.739725;E20;12.639087683949098;11.0151835509709
61370;45.557122;6.285026;C52;13.690241734455318;14.5953104155404
61455;45.966279;5.901207;C52;13.079947856636757;12.449056148529
61540;45.953081;5.745401;E20;12.920757123906606;8.5940994455346
61625;45.62636;5.827882;E10;13.121588807047347;11.1656266961779
61710;46.115119;6.299465;C52;13.240337877449212;13.5715417180743
61795;46.185205;5.81177;C52;12.584423474612073;12.5018981524876
61880;46.400926;5.825562;E20;12.774915597817584;10.8417022909437
61965;46.187568;5.734117;E20;12.835749745376058;12.736015524183
62050;46.412317;6.034632;E20;12.96241078475937;8.2081187410014
62135;46.767899;6.176962;E20;12.437788662717445;9.67308071681431
62220;47.23367;5.681561;C20;12.704605616568537;13.4550000599452
62305;46.902205;5.923739;E10;12.66809063871331;11.6902428354536
62390;47.052757;6.276418;E20;12.878479689264154;11.0643632411957
62475;46.721641;5.937936;E20;12.617373690024408;12.0611933640071
62560;46.888301;6.34321;E20;12.72946044042011;10.2129764556885
62645;46.957755;5.874833;E10;12.82864007458051;13.273366519383
62730;46.573661;6.058707;E20;12.82800424416583;9.4998483487538
62815;46.895444;6.133501;E20;12.68638974067506;10.8204558576856
62900;46.678915;6.144472;E20;12.619510626131243;9.36106849568232
62985;47.396399;6.235475;C51;12.8313573083423;13.5979961667742
63070;47.027858;6.472196;E20;12.932368688412367;10.5690978935787
63155;46.946282;6.229159;E20;12.886994657199082;11.0677578789847
63240;46.852696;5.776051;E10;12.677437969927036;12.1238324301583
63325;46.565858;5.731731;E10;12.918137930884091;12.8294051715306
63410;47.480988;5.843176;C51;13.078669011882136;13.7135019302368
63495;47.120733;5.846006;E10;12.676197389067879;13.9516419001988
63580;47.034794;5.708677;C51;12.591977063574406;14.2697417395456
63665;46.597045;5.890464;E20;12.834298212281302;10.600488458361
63750;47.184592;5.506811;C20;12.534005523354208;13.7073040689741
63835;47.09025;5.65943;C51;12.76112059408594;14.1113041469029
63920;48.259834;6.771604;D11;12.858577956680103;12.2235135350909
64005;48.032888;7.047937;D11;12.520038758379414;10.0946415833064
64090;47.847843;6.710274;D11;12.829019460348206;11.5066702706473
64175;48.326918;7.344559;D11;12.660122959195883;13.3471064567566
64260;48.433142;6.948694;D11;13.101633771531981;11.6074800831931
64345;48.432087;6.97566;D11;12.93428935279028;11.2430259500231
64430;47.94545;6.503879;D11;12.86938114449215;12.6046684128898
64515;47.851196;7.085284;D11;12.7581729732913;12.1956631115505
64600;48.08721;6.568878;D12;13.035390207026337;12.3609194074358
64685;48.056152;6.915655;D11;12.855766380450502;9.3173099756241
64770;47.743476;7.075625;C42;12.805832328645407;13.3764521735055
64855;47.970512;6.800917;D11;13.091294404416024;10.1427556616919
64940;47.816281;7.483508;C41;12.710134858384087;14.0290213312422
65025;48.222399;6.808869;D11;12.798390884459728;11.678836107254
65110;48.005569;7.273731;D12;12.3818850326319;13.7295027460371
65195;48.405976;6.71638;D11;12.974747295267212;12.7197557176863
65280;48.126387;6.962135;D11;12.745319919799256;10.3357850483486
65365;48.099781;7.174977;D11;12.41201873003561;10.6460658141545
65450;47.58133;7.074474;C42;12.481355229682832;13.2486519132342
65535;47.580914;6.621724;D12;12.846667579819917;12.83017880576
65620;48.398119;7.364912;D11;12.887094328448391;12.3204358645848
65705;48.33533;7.142702;D11;12.991022263278246;11.287688595908
65790;47.843279;6.830319;D11;12.823938243857013;10.6154016767229
65875;47.795462;6.665835;D11;12.697856050366445;12.0919614519392
65960;47.790155;7.25363;C41;12.378647697133026;13.8836701256888
66045;48.090481;6.958987;D11;12.706267501617264;10.1229717731476
66130;48.395814;7.418801;D11;12.965842096022698;12.916444165366
66215;49.330614;6.533703;C30;12.908818850911402;12.8314663342067
66300;49.209863;6.501289;C30;12.791687013271606;12.9632511820112
66385;49.128652;7.120661;C30;13.167468528028897;13.0220896175929
66470;48.594676;6.963;D12;13.09714485879009;12.8210991450719
66555;48.56697;7.204772;D11;13.125540142015842;9.8954074553081
66640;48.54958;7.189591;D11;12.96924535311806;10.0355229037149
66725;48.83442;7.270825;D12;13.286867699766256;13.4619698524475
66810;49.071068;6.745426;C30;13.363632154296093;12.7725174086435
66895;49.186256;7.029896;C30;12.85455671311162;13.2417536463056
66980;48.694238;7.175888;D12;13.325522821571061;12.9436644826617
67065;48.53947;6.510667;C30;13.323076917037447;13.0163147790091
67150;48.512582;7.213263;D11;13.149387171244292;11.4156419209072
67235;43.422362;6.545303;J30;13.346695064426882;17.1784593037197
67320;44.387878;6.717948;H42;12.297759469754519;9.29780507087708
67405;43.853983;7.398602;J24;12.153821806860064;12.7723306928362
67490;43.848251;6.701243;H30;12.63358363765959;10.3072845935822
67575;43.746421;6.544415;H30;12.625992944223315;12.2028657368251
67660;44.254007;6.908054;H42;12.111318624434661;10.2605952705656
67745;43.698575;6.838676;J40;12.756285889682909;13.6118089130947
67830;43.982637;6.936063;H41;12.224046370789727;11.8693823133196
67915;43.960889;6.585254;H30;12.761853643508845;11.2096788542611
68000;44.192696;7.07836;H42;12.230496043930318;8.93568331854684
68085;43.942933;6.583913;H30;12.795481345895476;9.49464133807592
68170;43.636784;6.585902;J40;12.790416736963026;13.4325558117458
68255;43.810345;6.748064;H30;12.578045193640156;9.55694866180419
68340;44.088506;6.544861;H41;12.936612128611912;11.5730100359235
68425;43.765424;7.365871;J24;12.33201422387936;15.9886161259243
68510;44.403314;6.781968;H42;12.359079762939977;7.38733570916311
68595;44.772891;6.545784;H42;13.012776712732872;11.5327320098877
68680;44.790855;6.547133;H42;13.284689476258004;12.5509053639003
68765;44.540351;6.503166;H42;12.60002710354506;13.0523900304522
68850;45.024383;6.564782;H42;13.304209942389079;7.42704197338649
68935;45.213019;6.808584;H22;13.42183713794453;7.54778129713876
69020;45.527404;6.603321;H22;13.44594506023735;10.5973064218249
69105;46.101353;6.674057;H10;13.062866612682788;11.1764538288116
69190;46.230558;6.593451;H10;13.101371573465615;9.90057066508702
69275;45.938157;6.699886;H21;13.45406033142828;11.1681524004255
69360;46.284464;6.597668;H10;13.226647496178622;9.81879722220557
69445;47.445095;7.314772;E10;12.661129415574935;11.9546082019806
69530;47.400792;6.620524;C20;12.810504941591688;12.9119346482413
69615;47.497238;7.359553;E10;12.496113248978139;12.6476122992379
69700;47.35321;6.92162;E20;12.442159764800662;12.6873463221959
69785;48.476624;7.629927;C41;12.847056553457257;14.1242690767561
69870;48.832906;7.720897;C41;12.685682539181178;13.3973117555891
69955;48.844603;7.858616;C41;12.776325302385962;13.4853286061968
70040;48.841434;7.926522;C41;12.594565726350924;13.648236819676
70125;49.014061;7.698708;D11;12.811901945661726;12.0068345751081
70210;43.88519;7.501032;J24;12.31489447456527;15.841126033238
70295;41.48931;9.109597;K11;12.455585318118942;18.396692276001
70380;42.401091;9.215926;K13;12.82301555130847;14.3968785830907
70465;41.863521;8.88784;K11;12.877681795887275;12.1917280469622
70550;42.324023;9.012542;K12;12.674633648411548;12.8083233152117
70635;41.622069;9.004913;K11;12.422981455067742;14.4335403442383
70720;41.962462;9.309214;K13;12.778437066047077;13.8454416138785
70805;41.694368;9.277404;K11;12.754957662258251;16.7289376940046
70890;42.393174;9.33658;K13;12.8451268326827;11.929493699755
70975;41.817875;9.316097;K11;13.003592027160211;15.2780741282872
71060;41.950902;9.211295;K12;12.866126418807523;7.73802085753
71145;42.300243;8.815666;K12;12.689215390873974;10.4406311511993
71230;41.841891;8.945635;K11;12.97552820282973;14.9340015820094
71315;42.613339;8.997093;K11;12.789729219396003;17.4891849245344
